Tag Name;Address;Data Type;Respect Data Type;Client Access;Scan Rate;Scaling;Raw Low;Raw High;Scaled Low;Scaled High;Scaled Data Type;Clamp Low;Clamp High;Eng Units;Description;Negate Value
02P21_1;52AW00/02AMIAK:02P21_1.PNT\hist00;;;;;;;;0;25;;;;кг/см2;Р ЖА на Вх. 1-й кол-р;
02PD21_1;52AW00/02AMIAK:02PD21_1.PNT\hist00;;;;;;;;0;2500;;;;кгс/м2;PD ЖА на Вх. 1-й кол-р;
02T21_1;52AW00/02AMIAK:02T21_1.PNT\hist00;;;;;;;;-50;50;;;;град.С;Т ЖА на Вх. 1-й кол-р;
02P21_2;52AW00/02AMIAK:02P21_2.PNT\hist00;;;;;;;;0;25;;;;кг/см2;Р ЖА на Вх. 2-й кол-р;
02PD21_2;52AW00/02AMIAK:02PD21_2.PNT\hist00;;;;;;;;0;2500;;;;кгс/м2;PD ЖА на Вх. 2-й кол-р;
02T21_2;52AW00/02AMIAK:02T21_2.PNT\hist00;;;;;;;;-50;50;;;;град.С;Т ЖА на Вх. 2-й кол-р;
02P4_1;52AW00/02AMIAK:02P4_1.PNT\hist00;;;;;;;;0;10;;;;кг/см2;Р ГА в завод. сеть;
02PD4;52AW00/02AMIAK:02PD4.PNT\hist00;;;;;;;;0;2500;;;;кгс/м2;PD ГА в завод. сеть;
02T4;52AW00/02AMIAK:02T4.PNT\hist00;;;;;;;;0;200;;;;град.С;Т ГА в завод. сеть;
02P17;52AW00/02AZVS:02P17.PNT\hist00;;;;;;;;0;40;;;;кг/см2;Р АЗВС в цех;
02LC5;52AW00/02KOND:02LC5.PNT\hist00;;;;;;;;0;100;;;;%;Рег.L в баке КСП поз.15;
02LCV5;52AW00/02KOND:02LCV5.PNT\hist00;;;;;;;;0;100;;;;%;Рег.Клап.L в  КСП поз.15;
02P8_1;52AW00/02KOND:02P8_1.PNT\hist00;;;;;;;;0;25;;;;кг/см2;Р ХОВ на орош. Насос.16,16а,16б;
02P2_1;52AW00/02PAR:02P2_1.PNT\hist00;;;;;;;;0;25;;;;кг/см2;Р пара из цеха кол-р 1;
02PD2_1;52AW00/02PAR:02PD2_1.PNT\hist00;;;;;;;;0;4000;;;;кгс/м2;PD пара из цеха кол-р 1;
02T2_1;52AW00/02PAR:02T2_1.PNT\hist00;;;;;;;;0;400;;;;град.С;Т пара из цеха кол-р 1;
02P2_2;52AW00/02PAR:02P2_2.PNT\hist00;;;;;;;;0;25;;;;кг/см2;Р пара из цеха кол-р 2;
02PD2_2;52AW00/02PAR:02PD2_2.PNT\hist00;;;;;;;;0;4000;;;;кгс/м2;PD пара из цеха кол-р 2;
02T2_2;52AW00/02PAR:02T2_2.PNT\hist00;;;;;;;;0;400;;;;град.С;Т пара из цеха кол-р 2;
02PC3;52AW00/02PAR:02PC3.PNT\hist00;;;;;;;;0;10;;;;кг/см2;"Рег.Р Пара (5) ";
02PCV3;52AW00/02PAR:02PCV3.PNT\hist00;;;;;;;;0;100;;;;%;"Рег.Клап.Р Пара(5) ";
02F5;52AW00/02PGAZ:02F5.PNT\hist00;;;;;;;;0;12500;;;;нм3/ч;"F ПГ в цех ";
02P5;52AW00/02PGAZ:02P5.PNT\hist00;;;;;;;;0;16;;;;кг/см2;"P ПГ в цех ";
02PD5;52AW00/02PGAZ:02PD5.PNT\hist00;;;;;;;;0;2500;;;;кгс/м2;"PD ПГ в цех ";
02T16;52AW00/02PGAZ:02T16.PNT\hist00;;;;;;;;-50;50;;;;град.С;"Т ПГ в цех ";
02PS10;52AW00/02SBS_OC:02PS10.PNT\hist00;;;;;;;;0;10;;;;кг/см2;Р воздуха КИП из Рессивер.10;
02S_IAC_1;52AW00/02SBS_OC:02S_IAC_1.PNT\hist00;;;;;;;;45;55;;;;гц;Частота АС пит. 1-я секц.;
02S_IAC_2;52AW00/02SBS_OC:02S_IAC_2.PNT\hist00;;;;;;;;45;55;;;;гц;Частота АС пит. 2-я секц.;
02LS12;52AW00/02SBS_OC:02LS12.PNT\hist00;;;;;;;;0;100;;;;%;Рег.L в сб.L-12 дренаж. Воды;
02F20_1;52AW00/02SKLAD:02F20_1.PNT\hist00;;;;;;;;0;80;;;;м3/ч;F кисл. к потр. 1-я башня М3;
02F20_2;52AW00/02SKLAD:02F20_2.PNT\hist00;;;;;;;;0;80;;;;м3/ч;F кисл. к потр. 2-я башня М3;
02P20_1;52AW00/02SKLAD:02P20_1.PNT\hist00;;;;;;;;0;20;;;;кг/см2;Р кисл. к потр. 1-я башня М3;
02P20_2;52AW00/02SKLAD:02P20_2.PNT\hist00;;;;;;;;0;20;;;;кг/см2;Р кисл. к потр. 2-я башня М3;
02Q20_1;52AW00/02SKLAD:02Q20_1.PNT\hist00;;;;;;;;45;60;;;;%;Q кисл. в хран. кол-р 1;
02Q20_2;52AW00/02SKLAD:02Q20_2.PNT\hist00;;;;;;;;45;60;;;;%;Q кисл. в хран. кол-р 2;
02T20_1;52AW00/02SKLAD:02T20_1.PNT\hist00;;;;;;;;-50;50;;;;град.С;Т кисл. в хран. 1-й кол-р;
02T20_2;52AW00/02SKLAD:02T20_2.PNT\hist00;;;;;;;;-50;50;;;;град.С;Т кисл. в хран. 2-й кол-р;
02L26_1A;52AW00/02SKLAD:02L26_1A.PNT\hist00;;;;;;;;0;1;;;;кг/см2;L кисл. в хран.  102/1-4;
02L26_2A;52AW00/02SKLAD:02L26_2A.PNT\hist00;;;;;;;;0;1;;;;кг/см2;L кисл. в хран.  102/2-5;
02L26_3A;52AW00/02SKLAD:02L26_3A.PNT\hist00;;;;;;;;0;1;;;;кг/см2;L кисл. в хран.  102/3-6;
02L26_4A;52AW00/02SKLAD:02L26_4A.PNT\hist00;;;;;;;;0;1;;;;кг/см2;L кисл. в хран.  102/7;
02F1_1;52AW00/02VODA:02F1_1.PNT\hist00;;;;;;;;0;15;;;;м3/ч;F пож.хоз. воды  во II отдел.;
02LCV12;52AW00/02VODA:02LCV12.PNT\hist00;;;;;;;;0;100;;;;%;Рег.Клап.L в сб. дренаж. Воды;
02P5_1;52AW00/02VODA:02P5_1.PNT\hist00;;;;;;;;0;10;;;;кг/см2;Р обор. Воды во II отдел.;
02T1_1;52AW00/02VODA:02T1_1.PNT\hist00;;;;;;;;-50;50;;;;град.С;Т обор. Воды в маш. Зал;
02T1_2;52AW00/02VODA:02T1_2.PNT\hist00;;;;;;;;-50;50;;;;град.С;Т обор. Воды на абс.колону;
02P4;52AW00/02VODA_XOB:02P4.PNT\hist00;;;;;;;;0;10;;;;кг/см2;Р умяг.и пит.воды в цех;
02PD1;52AW00/02VODA_XOB:02PD1.PNT\hist00;;;;;;;;0;1600;;;;кгс/м2;PD умяг.и пит.воды в цех;
02T1;52AW00/02VODA_XOB:02T1.PNT\hist00;;;;;;;;0;100;;;;град.С;Т умяг.воды в цех;
02LC1_1;52AW00/02VODA_XOB:02LC1_1.PNT\hist00;;;;;;;;0;100;;;;%;Рег.L воды в деаэр.бак 1;
02LC1_2;52AW00/02VODA_XOB:02LC1_2.PNT\hist00;;;;;;;;0;100;;;;%;Рег.L воды в деаэр.бак 2;
02LCV1;52AW00/02VODA_XOB:02LCV1.PNT\hist00;;;;;;;;0;100;;;;%;Рег.Клап.L воды большой;
02LCV1_A;52AW00/02VODA_XOB:02LCV1_A.PNT\hist00;;;;;;;;0;100;;;;%;Рег.Клап.L воды малый;
02LC6;52AW00/02VODA_XOB:02LC6.PNT\hist00;;;;;;;;0;100;;;;%;Рег.L сбор.ПК поз. 28;
02LCV6;52AW00/02VODA_XOB:02LCV6.PNT\hist00;;;;;;;;0;100;;;;%;Рег.L сбор.ПК поз. 29;
02P1;52AW00/02VODA_XOB:02P1.PNT\hist00;;;;;;;;0;40;;;;кг/см2;Р пит. Воды из насоса;
02PC8;52AW00/02VODA_XOB:02PC8.PNT\hist00;;;;;;;;0;0,4;;;;кг/см2;Рег.Р пара (0.2) в деаэр.баках;
02PCV8;52AW00/02VODA_XOB:02PCV8.PNT\hist00;;;;;;;;0;100;;;;%;Рег.Клап.Рпар(0.2) в деаэр.баках;
02T5_3;52AW00/02VODA_XOB:02T5_3.PNT\hist00;;;;;;;;0;200;;;;град.С;"Т пит. Воды ";
02PD10;52AW00/02VOZD:02PD10.PNT\hist00;;;;;;;;0;1000;;;;кгс/м2;PD воздуха КИП из Рессивер.10;
02T10;52AW00/02VOZD:02T10.PNT\hist00;;;;;;;;-50;50;;;;град.С;Т воздуха КИП из Рессивер.10;
02P10A;52AW00/02VOZD:02P10A.PNT\hist00;;;;;;;;700;800;;;;мм Hg;"Р наруж.воздуха ";
02Q10A;52AW00/02VOZD:02Q10A.PNT\hist00;;;;;;;;0;100;;;;%;"От.влаж.Нар.Возд. ";
02T100;52AW00/02VOZD:02T100.PNT\hist00;;;;;;;;-50;50;;;;град.С;Т воздуха  в контр.;
02T10A;52AW00/02VOZD:02T10A.PNT\hist00;;;;;;;;-50;50;;;;град.С;"Т нар.воздуха ";
12F103;52AW00/12ABSOR:12F103.PNT\hist00;;;;;;;;0;12500;;;;м3/ч;F доб. Воздуха НГ и прод.кол.;
12F111_1;52AW00/12ABSOR:12F111_1.PNT\hist00;;;;;;;;0;1072.343;;;;м3/ч;F об. Воды (1) на абсорб.;
12F111_2;52AW00/12ABSOR:12F111_2.PNT\hist00;;;;;;;;0;820.001;;;;м3/ч;F об. Воды (2) на абсорб.;
12FC104;52AW00/12ABSOR:12FC104.PNT\hist00;;;;;;;;0;6197.672;;;;м3/ч;Рег.F воздуха в прод.Кол.12;
12FCV104;52AW00/12ABSOR:12FCV104.PNT\hist00;;;;;;;;0;100;;;;%;Рег.Клап.F воздуха в прод.Кол.12;
12FC110;52AW00/12ABSOR:12FC110.PNT\hist00;;;;;;;;0;9.977237;;;;м3/ч;Рег.F КСП в абс.Колон.8;
12FCV110;52AW00/12ABSOR:12FCV110.PNT\hist00;;;;;;;;0;100;;;;%;Рег.Клап.F КСП в абс.Колон.8;
12F105;52AW00/12ABSOR:12F105.PNT\hist00;;;;;;;;0;25;;;;м3/ч;F кислоты с агрегата;
12Q105;52AW00/12ABSOR:12Q105.PNT\hist00;;;;;;;;50;60;;;;%;Q кислоты с агрегата;
12T108_4;52AW00/12ABSOR:12T108_4.PNT\hist00;;;;;;;;0;150;;;;град.С;Т кислоты за прод.Кол.12;
12LC105;52AW00/12ABSOR:12LC105.PNT\hist00;;;;;;;;430;830;;;;мм;Рег.L кислоты в прод.Кол.12;
12LCV105;52AW00/12ABSOR:12LCV105.PNT\hist00;;;;;;;;0;100;;;;%;Рег.Клап.L кислоты в прод.Кол.12;
12T108_1;52AW00/12ABSOR:12T108_1.PNT\hist00;;;;;;;;0;150;;;;град.С;Т НГ в абс.Колон.8;
12T108_2;52AW00/12ABSOR:12T108_2.PNT\hist00;;;;;;;;0;150;;;;град.С;Т кислоты в кубе абс.кол;
12T108_3;52AW00/12ABSOR:12T108_3.PNT\hist00;;;;;;;;0;150;;;;град.С;Т ХГ Вых.подогр.6;
12T108_5;52AW00/12ABSOR:12T108_5.PNT\hist00;;;;;;;;0;400;;;;град.С;Т НГ за подогр.1;
12T108_6;52AW00/12ABSOR:12T108_6.PNT\hist00;;;;;;;;0;150;;;;град.С;Т НГ за холод.7;
12F113;52AW00/12GTT:12F113.PNT\hist00;;;;;;;;0;1038.555;;;;м3/ч;F обор. воды на ГТТ;
12P181;52AW00/12GTT:12P181.PNT\hist00;;;;;;;;0;10;;;;кг/см2;Р воздуха за нагнет 1г;
12T173_1;52AW00/12GTT:12T173_1.PNT\hist00;;;;;;;;0;200;;;;град.С;Т воздуха за нагнет 1г;
12HCV170;52AW00/12GTT:12HCV170.PNT\hist00;;;;;;;;0;100;;;;%;Дист.Упр.Рег.Клап. возд.ГТТиТехн;
12SCS171_1;52AW00/12GTT:12SCS171_1.PNT\hist00;;;;;;;;0;6000;;;;об/мин;"Регулятор Скор. вращения турб. ";
12SCS171_2;52AW00/12GTT:12SCS171_2.PNT\hist00;;;;;;;;0;6000;;;;об/мин;"Регулятор Скор. вращения турб. ";
12SCS171_3;52AW00/12GTT:12SCS171_3.PNT\hist00;;;;;;;;0;6000;;;;об/мин;"Регулятор Скор. вращения турб. ";
12T170_3;52AW00/12GTT:12T170_3.PNT\hist00;;;;;;;;0;100;;;;град.С;Т Воды до маслоохлад.;
12T170_4;52AW00/12GTT:12T170_4.PNT\hist00;;;;;;;;0;100;;;;град.С;Т Воды за маслоохлад.;
12T170_5;52AW00/12GTT:12T170_5.PNT\hist00;;;;;;;;0;100;;;;град.С;Т Воды за воздухоохл.;
12T170_6;52AW00/12GTT:12T170_6.PNT\hist00;;;;;;;;0;100;;;;град.С;Т воздуха за ВоздОхл 1д;
12T173_2;52AW00/12GTT:12T173_2.PNT\hist00;;;;;;;;0;200;;;;град.С;Т воздуха из компр. 1а;
12P128;52AW00/12KONV:12P128.PNT\hist00;;;;;;;;0;10;;;;кг/см2;Р АВС после смесит.2;
12F102;52AW00/12KONV:12F102.PNT\hist00;;;;;;;;0;62440.66;;;;м3/ч;F возд (А) в смесит. 2;
12FC101;52AW00/12KONV:12FC101.PNT\hist00;;;;;;;;0;7803.259;;;;м3/ч;F ГА в смесит. 2;
12FFCV101;52AW00/12KONV:12FFCV101.PNT\hist00;;;;;;;;0;100;;;;%;"Клап.Соотн ГА/Возд ";
12FS101;52AW00/12KONV:12FS101.PNT\hist00;;;;;;;;0;7803.259;;;;м3/ч;F ГА Блок. в смесит. 2;
12FS102;52AW00/12KONV:12FS102.PNT\hist00;;;;;;;;0;62440.66;;;;м3/ч;F возд (В) Блок. в смесит. 2;
12G101;52AW00/12KONV:12G101.PNT\hist00;;;;;;;;0;100;;;;%;Клап.Соотн ГА/Возд положение;
12P101A;52AW00/12KONV:12P101A.PNT\hist00;;;;;;;;0;10;;;;кг/см2;"Р ГА в смеситель 2 ";
12P101B;52AW00/12KONV:12P101B.PNT\hist00;;;;;;;;0;10;;;;кг/см2;"Р ГА в смеситель 2 ";
12P127A;52AW00/12KONV:12P127A.PNT\hist00;;;;;;;;0;10;;;;кг/см2;Р возд (А) в смесит. 2;
12P127B;52AW00/12KONV:12P127B.PNT\hist00;;;;;;;;0;10;;;;кг/см2;Р возд (В) в смесит. 2;
12T101A;52AW00/12KONV:12T101A.PNT\hist00;;;;;;;;0;200;;;;град.С;"Т ГА в смеситель 2 ";
12T101B;52AW00/12KONV:12T101B.PNT\hist00;;;;;;;;0;200;;;;град.С;"Т ГА в смеситель 2 ";
12T127A;52AW00/12KONV:12T127A.PNT\hist00;;;;;;;;0;200;;;;град.С;Т возд (А) в смесит. 2;
12T127B;52AW00/12KONV:12T127B.PNT\hist00;;;;;;;;0;200;;;;град.С;Т возд (В) в смесит. 2;
12T103;52AW00/12KONV:12T103.PNT\hist00;;;;;;;;0;400;;;;град.С;Т НГ на Вых. КУН;
12TS102_1;52AW00/12KONV:12TS102_1.PNT\hist00;;;;;;;;0;1100;;;;град.С;Т под сетками конт. Апар.п.2;
12TS102_2;52AW00/12KONV:12TS102_2.PNT\hist00;;;;;;;;0;1100;;;;град.С;Т под сетками конт. Апар.п.2;
12TS102_3;52AW00/12KONV:12TS102_3.PNT\hist00;;;;;;;;0;1100;;;;град.С;Т под сетками конт. Апар.п.2;
12PS176;52AW00/12MASLO:12PS176.PNT\hist00;;;;;;;;0;10;;;;кг/см2;"Р напорного масла ";
12T170_1;52AW00/12MASLO:12T170_1.PNT\hist00;;;;;;;;0;100;;;;град.С;Т масла до маслоохлад.;
12T170_2;52AW00/12MASLO:12T170_2.PNT\hist00;;;;;;;;0;100;;;;град.С;Т масла за маслоохлад.;
12HCV101;52AW00/12NH3:12HCV101.PNT\hist00;;;;;;;;0;100;;;;%;Дист. упр. клап.ГА в завод. сеть;
12LC108;52AW00/12NH3:12LC108.PNT\hist00;;;;;;;;700;1100;;;;мм;Рег.L ЖА в испарит. 11;
12LCV108;52AW00/12NH3:12LCV108.PNT\hist00;;;;;;;;0;100;;;;%;Клап.рег.L ЖА в испарит. 11;
12PC110;52AW00/12NH3:12PC110.PNT\hist00;;;;;;;;0;20;;;;кг/см2;Рег.Р ГА подач.Пар за испарит. 11;
12PCV110;52AW00/12NH3:12PCV110.PNT\hist00;;;;;;;;0;100;;;;%;Клап.рег.Р ГА за испарит. 11;
12TC112;52AW00/12NH3:12TC112.PNT\hist00;;;;;;;;0;200;;;;град.С;Рег.Т ГА подач.Пар  в подогр.11г;
12TCV112;52AW00/12NH3:12TCV112.PNT\hist00;;;;;;;;0;100;;;;%;Клап.рег.Т ГА  в подогр.11г;
12TS112;52AW00/12NH3:12TS112.PNT\hist00;;;;;;;;0;200;;;;град.С;Авар.сигн.Т ГА  в подогр.11г;
12FC106;52AW00/12OXG:12FC106.PNT\hist00;;;;;;;;0;83.89626;;;;м3/ч;Рег. F ГА  в РСО;
12FCV106;52AW00/12OXG:12FCV106.PNT\hist00;;;;;;;;0;100;;;;%;Рег.Клап. F ГА  в РСО;
12T109_2;52AW00/12OXG:12T109_2.PNT\hist00;;;;;;;;0;400;;;;град.С;"Т ХГ до РСО ";
12T109_4;52AW00/12OXG:12T109_4.PNT\hist00;;;;;;;;0;400;;;;град.С;"Т НГ за подог.ХГ ";
12T109_5;52AW00/12OXG:12T109_5.PNT\hist00;;;;;;;;0;400;;;;град.С;"Т ХГ после РСО ";
12T109_7;52AW00/12OXG:12T109_7.PNT\hist00;;;;;;;;0;400;;;;град.С;"Т ХГ в зоне реак. ";
12T109_8;52AW00/12OXG:12T109_8.PNT\hist00;;;;;;;;0;400;;;;град.С;"Т ХГ после окис. ";
12T109_9;52AW00/12OXG:12T109_9.PNT\hist00;;;;;;;;0;400;;;;град.С;"Т ХГ в зоне реак. ";
12PS182_1;52AW00/12PODSH_AO:12PS182_1.PNT\hist00;;;;;;;;0;6;;;;кг/см2;АварСигнОсевСдвига  РотораТурбины;
12PS182_2;52AW00/12PODSH_AO:12PS182_2.PNT\hist00;;;;;;;;0;6;;;;кг/см2;АварСигнОсевСдвига  РотораТурбины;
12PS183_1;52AW00/12PODSH_AO:12PS183_1.PNT\hist00;;;;;;;;0;6;;;;кг/см2;АварСигнОсевСдвига  РотораНагнет.;
12PS183_2;52AW00/12PODSH_AO:12PS183_2.PNT\hist00;;;;;;;;0;6;;;;кг/см2;АварСигнОсевСдвига  РотораНагнет.;
12TS177_1;52AW00/12PODSH_AO:12TS177_1.PNT\hist00;;;;;;;;0;100;;;;град.С;Т подшипника редуктора;
12TS177_2;52AW00/12PODSH_AO:12TS177_2.PNT\hist00;;;;;;;;0;100;;;;град.С;Т подшипника редуктора;
12TS177_3;52AW00/12PODSH_AO:12TS177_3.PNT\hist00;;;;;;;;0;100;;;;град.С;Т подшипника редуктора;
12TS177_4;52AW00/12PODSH_AO:12TS177_4.PNT\hist00;;;;;;;;0;100;;;;град.С;Т подшипника редуктора;
12TS177_5;52AW00/12PODSH_AO:12TS177_5.PNT\hist00;;;;;;;;0;100;;;;град.С;Т подшипника редуктора;
12TS177_6;52AW00/12PODSH_AO:12TS177_6.PNT\hist00;;;;;;;;0;100;;;;град.С;Т подшипника редуктора;
12TS177_7;52AW00/12PODSH_AO:12TS177_7.PNT\hist00;;;;;;;;0;100;;;;град.С;Т подшипника редуктора;
12TS177_8;52AW00/12PODSH_AO:12TS177_8.PNT\hist00;;;;;;;;0;100;;;;град.С;Т подшипника редуктора;
12TS178_1;52AW00/12PODSH_AO:12TS178_1.PNT\hist00;;;;;;;;0;100;;;;град.С;Т опор. Подшипника компрессора;
12TS178_2;52AW00/12PODSH_AO:12TS178_2.PNT\hist00;;;;;;;;0;100;;;;град.С;Т опор. Подшипника турбины;
12TS178_3;52AW00/12PODSH_AO:12TS178_3.PNT\hist00;;;;;;;;0;100;;;;град.С;Т упор. Подшипника турбины;
12TS178_4;52AW00/12PODSH_AO:12TS178_4.PNT\hist00;;;;;;;;0;100;;;;град.С;Т упор. Подшипника турбины;
12TS178_5;52AW00/12PODSH_AO:12TS178_5.PNT\hist00;;;;;;;;0;100;;;;град.С;Т перед. Подшип-ка нагнетателя;
12TS178_6;52AW00/12PODSH_AO:12TS178_6.PNT\hist00;;;;;;;;0;100;;;;град.С;Т упор. Подшипника нагнетателя;
12TS178_7;52AW00/12PODSH_AO:12TS178_7.PNT\hist00;;;;;;;;0;100;;;;град.С;Т задн. Подшипника нагнетателя;
12TS179_1;52AW00/12PODSH_AO:12TS179_1.PNT\hist00;;;;;;;;0;100;;;;град.С;Т подшипника РД;
12TS179_2;52AW00/12PODSH_AO:12TS179_2.PNT\hist00;;;;;;;;0;100;;;;град.С;Т подшипника РД;
12TS179_3;52AW00/12PODSH_AO:12TS179_3.PNT\hist00;;;;;;;;0;100;;;;град.С;Т обмотки статора РД;
12EA_RD;52AW00/12RD:12EA_RD.PNT\hist00;;;;;;;;-1500;1500;;;;квт;Мощность  РД;
12IA_RD;52AW00/12RD:12IA_RD.PNT\hist00;;;;;;;;0;150;;;;А;Ток статора  РД;
12P193;52AW00/12RD:12P193.PNT\hist00;;;;;;;;0;1000;;;;мм;"Положение экранов ЖРС ";
12T192;52AW00/12RD:12T192.PNT\hist00;;;;;;;;0;100;;;;град.С;Т электролита  ЖРС;
12F132;52AW00/12REKUP:12F132.PNT\hist00;;;;;;;;0;12.5123;;;;м3/ч;F пит. Воды в КУГ;
12F133;52AW00/12REKUP:12F133.PNT\hist00;;;;;;;;0;39.56160;;;;м3/ч;Fпит. Воды в КУН;
12T174;52AW00/12REKUP:12T174.PNT\hist00;;;;;;;;0;1100;;;;град.С;Т ОХГ  перед ГТТ;
12LC130;52AW00/12REKUP:12LC130.PNT\hist00;;;;;;;;-315;315;;;;мм;Рег.L пит. Воды в КУГ;
12LCV130;52AW00/12REKUP:12LCV130.PNT\hist00;;;;;;;;0;100;;;;%;Рег.Клап.L  в КУГ;
12LC131;52AW00/12REKUP:12LC131.PNT\hist00;;;;;;;;-315;315;;;;мм;Рег.L пит. Воды в КУН;
12LCV131;52AW00/12REKUP:12LCV131.PNT\hist00;;;;;;;;0;100;;;;%;Рег.Клап.L  в КУН;
12P135;52AW00/12REKUP:12P135.PNT\hist00;;;;;;;;0;20;;;;кг/см2;Р перег. пара из КУН;
12P136;52AW00/12REKUP:12P136.PNT\hist00;;;;;;;;0;20;;;;кг/см2;Р перег. пара из КУГ;
12PD170;52AW00/12REKUP:12PD170.PNT\hist00;;;;;;;;0;2,5;;;;кг/см2;Пер.Р Возд./ХГ Нагн.1г/ГТТ;
12T101_4;52AW00/12REKUP:12T101_4.PNT\hist00;;;;;;;;0;400;;;;град.С;Т перег. пара из КУН;
12T101_5;52AW00/12REKUP:12T101_5.PNT\hist00;;;;;;;;0;400;;;;град.С;Т ХГ после КУГ;
12T101_6;52AW00/12REKUP:12T101_6.PNT\hist00;;;;;;;;0;400;;;;град.С;Т перег. пара из КУГ;
12T114_1;52AW00/12REKUP:12T114_1.PNT\hist00;;;;;;;;0;400;;;;град.С;Т метал.газ.камер КУН;
12T114_2;52AW00/12REKUP:12T114_2.PNT\hist00;;;;;;;;0;400;;;;град.С;Т метал.газ.камер КУН;
12T114_3;52AW00/12REKUP:12T114_3.PNT\hist00;;;;;;;;0;400;;;;град.С;Т метал.газ.камер КУН;
12T114_4;52AW00/12REKUP:12T114_4.PNT\hist00;;;;;;;;0;400;;;;град.С;Т метал.газ.камер КУН;
12T114_5;52AW00/12REKUP:12T114_5.PNT\hist00;;;;;;;;0;400;;;;град.С;Т метал.газ.камер КУН;
12T114_6;52AW00/12REKUP:12T114_6.PNT\hist00;;;;;;;;0;400;;;;град.С;Т метал.газ.камер КУН;
12T173_4;52AW00/12REKUP:12T173_4.PNT\hist00;;;;;;;;0;600;;;;град.С;Т газов  после ГТТ;
12T183;52AW00/12REKUP:12T183.PNT\hist00;;;;;;;;0;1100;;;;град.С;Т газов из УКСТ 1в;
12PS178;52AW00/12SBS_AO:12PS178.PNT\hist00;;;;;;;;0;16;;;;кг/см2;Р ПГ  до Стоп. Отсек.;
12PS179;52AW00/12SBS_AO:12PS179.PNT\hist00;;;;;;;;0;1,6;;;;кг/см2;Р масла смазки в ГТТ-3М;
12PS180;52AW00/12SBS_AO:12PS180.PNT\hist00;;;;;;;;0;3;;;;кг/см2;Р воздуха из компр. 1а;
12TS174;52AW00/12SBS_AOK:12TS174.PNT\hist00;;;;;;;;0;1100;;;;град.С;Т ОХГ Блок. перед ГТТ;
12LS131;52AW00/12SBS_AOK:12LS131.PNT\hist00;;;;;;;;-315;315;;;;мм;Авар.L пит. Воды в КУН;
12TS101;52AW00/12SBS_AOK:12TS101.PNT\hist00;;;;;;;;0;400;;;;град.С;Т АВС после смесит.3;
12FC171;52AW00/12UKST:12FC171.PNT\hist00;;;;;;;;0;1992.47;;;;м3/ч;Расход ПГ в УКСТ;
12HCV171;52AW00/12UKST:12HCV171.PNT\hist00;;;;;;;;0;100;;;;%;"Упр. РК скорости вращения турб. ";
12PD171;52AW00/12UKST:12PD171.PNT\hist00;;;;;;;;0;2500;;;;кгс/м2;Перепад ПГ в УКСТ;
12T116;52AW00/12UKST:12T116.PNT\hist00;;;;;;;;-50;50;;;;град.С;Т ПГ в УКСТ;
12FC107;52AW00/12UKST:12FC107.PNT\hist00;;;;;;;;0;19675.8;;;;м3/ч;F воздуха  в УКСТ 1в;
12HCV107;52AW00/12UKST:12HCV107.PNT\hist00;;;;;;;;0;100;;;;%;Дист.Упр.Рег.Клап. возд. в КСТ 1в;
12G171;52AW00/12UKST:12G171.PNT\hist00;;;;;;;;0;100;;;;%;"Полож. РК скорости вращения турб. ";
12P187;52AW00/12UKST:12P187.PNT\hist00;;;;;;;;0;10;;;;кг/см2;"РПГ после РК  cкорости турб. ";
22F103;52AW00/22ABSOR:22F103.PNT\hist00;;;;;;;;0;15157.86;;;;м3/ч;F доб. Воздуха НГ и прод.кол.;
22F111_1;52AW00/22ABSOR:22F111_1.PNT\hist00;;;;;;;;0;1072.343;;;;м3/ч;F об. Воды (1) на абсорб.;
22F111_2;52AW00/22ABSOR:22F111_2.PNT\hist00;;;;;;;;0;820.001;;;;м3/ч;F об. Воды (2) на абсорб.;
22FC104;52AW00/22ABSOR:22FC104.PNT\hist00;;;;;;;;0;6187.488;;;;м3/ч;Рег.F воздуха в прод.Кол.12;
22FCV104;52AW00/22ABSOR:22FCV104.PNT\hist00;;;;;;;;0;100;;;;%;Рег.Клап.F воздуха в прод.Кол.12;
22FC110;52AW00/22ABSOR:22FC110.PNT\hist00;;;;;;;;0;9.99331;;;;м3/ч;Рег.F КСП в абс.Колон.8;
22FCV110;52AW00/22ABSOR:22FCV110.PNT\hist00;;;;;;;;0;100;;;;%;Рег.Клап.F КСП в абс.Колон.8;
22F105;52AW00/22ABSOR:22F105.PNT\hist00;;;;;;;;0;25;;;;м3/ч;F кислоты с агрегата;
22Q105;52AW00/22ABSOR:22Q105.PNT\hist00;;;;;;;;50;60;;;;%;Q кислоты с агрегата;
22T108_4;52AW00/22ABSOR:22T108_4.PNT\hist00;;;;;;;;0;150;;;;град.С;Т кислоты за прод.Кол.12;
22LC105;52AW00/22ABSOR:22LC105.PNT\hist00;;;;;;;;430;830;;;;мм;Рег.L кислоты в прод.Кол.12;
22LCV105;52AW00/22ABSOR:22LCV105.PNT\hist00;;;;;;;;0;100;;;;%;Рег.Клап.L кислоты в прод.Кол.12;
22T108_1;52AW00/22ABSOR:22T108_1.PNT\hist00;;;;;;;;0;150;;;;град.С;Т НГ в абс.Колон.8;
22T108_2;52AW00/22ABSOR:22T108_2.PNT\hist00;;;;;;;;0;150;;;;град.С;Т кислоты в кубе абс.кол;
22T108_3;52AW00/22ABSOR:22T108_3.PNT\hist00;;;;;;;;0;150;;;;град.С;Т ХГ Вых.подогр.6;
22T108_5;52AW00/22ABSOR:22T108_5.PNT\hist00;;;;;;;;0;400;;;;град.С;Т НГ за подогр.1;
22T108_6;52AW00/22ABSOR:22T108_6.PNT\hist00;;;;;;;;0;150;;;;град.С;Т НГ за холод.7;
22F113;52AW00/22GTT:22F113.PNT\hist00;;;;;;;;0;1038.555;;;;м3/ч;F обор. воды на ГТТ;
22P181;52AW00/22GTT:22P181.PNT\hist00;;;;;;;;0;10;;;;кг/см2;Р воздуха за нагнет 1г;
22T173_1;52AW00/22GTT:22T173_1.PNT\hist00;;;;;;;;0;200;;;;град.С;Т воздуха за нагнет 1г;
22HCV170;52AW00/22GTT:22HCV170.PNT\hist00;;;;;;;;0;100;;;;%;Дист.Упр.Рег.Клап. возд.ГТТиТехн;
22SCS171_1;52AW00/22GTT:22SCS171_1.PNT\hist00;;;;;;;;0;6000;;;;об/мин;"Регулятор Скор. вращения турб. ";
22SCS171_2;52AW00/22GTT:22SCS171_2.PNT\hist00;;;;;;;;0;6000;;;;об/мин;"Регулятор Скор. вращения турб. ";
22SCS171_3;52AW00/22GTT:22SCS171_3.PNT\hist00;;;;;;;;0;6000;;;;об/мин;"Регулятор Скор. вращения турб. ";
22T170_3;52AW00/22GTT:22T170_3.PNT\hist00;;;;;;;;0;100;;;;град.С;Т Воды до маслоохлад.;
22T170_4;52AW00/22GTT:22T170_4.PNT\hist00;;;;;;;;0;100;;;;град.С;Т Воды за маслоохлад.;
22T170_5;52AW00/22GTT:22T170_5.PNT\hist00;;;;;;;;0;100;;;;град.С;Т Воды за воздухоохл.;
22T170_6;52AW00/22GTT:22T170_6.PNT\hist00;;;;;;;;0;100;;;;град.С;Т воздуха за ВоздОхл 1д;
22T173_2;52AW00/22GTT:22T173_2.PNT\hist00;;;;;;;;0;200;;;;град.С;Т воздуха из компр. 1а;
22P128;52AW00/22KONV:22P128.PNT\hist00;;;;;;;;0;10;;;;кг/см2;Р АВС после смесит.2;
22F102;52AW00/22KONV:22F102.PNT\hist00;;;;;;;;0;62504.89;;;;м3/ч;F возд (А) в смесит. 2;
22FC101;52AW00/22KONV:22FC101.PNT\hist00;;;;;;;;0;7803.259;;;;м3/ч;F ГА в смесит. 2;
22FFCV101;52AW00/22KONV:22FFCV101.PNT\hist00;;;;;;;;0;100;;;;%;"Клап.Соотн ГА/Возд ";
22FS101;52AW00/22KONV:22FS101.PNT\hist00;;;;;;;;0;7803.259;;;;м3/ч;F ГА Блок. в смесит. 2;
22FS102;52AW00/22KONV:22FS102.PNT\hist00;;;;;;;;0;62504.89;;;;м3/ч;F возд (В) Блок. в смесит. 2;
22G101;52AW00/22KONV:22G101.PNT\hist00;;;;;;;;0;100;;;;%;Клап.Соотн ГА/Возд положение;
22P101A;52AW00/22KONV:22P101A.PNT\hist00;;;;;;;;0;10;;;;кг/см2;"Р ГА в смеситель 2 ";
22P101B;52AW00/22KONV:22P101B.PNT\hist00;;;;;;;;0;10;;;;кг/см2;"Р ГА в смеситель 2 ";
22P127A;52AW00/22KONV:22P127A.PNT\hist00;;;;;;;;0;10;;;;кг/см2;Р возд (А) в смесит. 2;
22P127B;52AW00/22KONV:22P127B.PNT\hist00;;;;;;;;0;10;;;;кг/см2;Р возд (В) в смесит. 2;
22T101A;52AW00/22KONV:22T101A.PNT\hist00;;;;;;;;0;200;;;;град.С;"Т ГА в смеситель 2 ";
22T101B;52AW00/22KONV:22T101B.PNT\hist00;;;;;;;;0;200;;;;град.С;"Т ГА в смеситель 2 ";
22T127A;52AW00/22KONV:22T127A.PNT\hist00;;;;;;;;0;200;;;;град.С;Т возд (А) в смесит. 2;
22T127B;52AW00/22KONV:22T127B.PNT\hist00;;;;;;;;0;200;;;;град.С;Т возд (В) в смесит. 2;
22T103;52AW00/22KONV:22T103.PNT\hist00;;;;;;;;0;400;;;;град.С;Т НГ на Вых. КУН;
22TS102_1;52AW00/22KONV:22TS102_1.PNT\hist00;;;;;;;;0;1100;;;;град.С;Т под сетками конт. Апар.п.2;
22TS102_2;52AW00/22KONV:22TS102_2.PNT\hist00;;;;;;;;0;1100;;;;град.С;Т под сетками конт. Апар.п.2;
22TS102_3;52AW00/22KONV:22TS102_3.PNT\hist00;;;;;;;;0;1100;;;;град.С;Т под сетками конт. Апар.п.2;
22PS176;52AW00/22MASLO:22PS176.PNT\hist00;;;;;;;;0;10;;;;кг/см2;"Р напорного масла ";
22T170_1;52AW00/22MASLO:22T170_1.PNT\hist00;;;;;;;;0;100;;;;град.С;Т масла до маслоохлад.;
22T170_2;52AW00/22MASLO:22T170_2.PNT\hist00;;;;;;;;0;100;;;;град.С;Т масла за маслоохлад.;
22HCV101;52AW00/22NH3:22HCV101.PNT\hist00;;;;;;;;0;100;;;;%;Дист. упр. клап.ГА в завод. сеть;
22LC108;52AW00/22NH3:22LC108.PNT\hist00;;;;;;;;700;1100;;;;мм;Рег.L ЖА в испарит. 11;
22LCV108;52AW00/22NH3:22LCV108.PNT\hist00;;;;;;;;0;100;;;;%;Клап.рег.L ЖА в испарит. 11;
22PC110;52AW00/22NH3:22PC110.PNT\hist00;;;;;;;;0;20;;;;кг/см2;Рег.Р ГА подач.Пар за испарит. 11;
22PCV110;52AW00/22NH3:22PCV110.PNT\hist00;;;;;;;;0;100;;;;%;Клап.рег.Р ГА за испарит. 11;
22TC112;52AW00/22NH3:22TC112.PNT\hist00;;;;;;;;0;200;;;;град.С;Рег.Т ГА подач.Пар  в подогр.11г;
22TCV112;52AW00/22NH3:22TCV112.PNT\hist00;;;;;;;;0;100;;;;%;Клап.рег.Т ГА  в подогр.11г;
22TS112;52AW00/22NH3:22TS112.PNT\hist00;;;;;;;;0;200;;;;град.С;Авар.сигн.Т ГА  в подогр.11г;
22FC106;52AW00/22OXG:22FC106.PNT\hist00;;;;;;;;0;84.51573;;;;м3/ч;Рег. F ГА  в РСО;
22FCV106;52AW00/22OXG:22FCV106.PNT\hist00;;;;;;;;0;100;;;;%;Рег.Клап. F ГА  в РСО;
22T109_2;52AW00/22OXG:22T109_2.PNT\hist00;;;;;;;;0;400;;;;град.С;"Т ХГ до РСО ";
22T109_4;52AW00/22OXG:22T109_4.PNT\hist00;;;;;;;;0;400;;;;град.С;"Т НГ за подог.ХГ ";
22T109_5;52AW00/22OXG:22T109_5.PNT\hist00;;;;;;;;0;400;;;;град.С;"Т ХГ после РСО ";
22T109_7;52AW00/22OXG:22T109_7.PNT\hist00;;;;;;;;0;400;;;;град.С;"Т ХГ в зоне реак. ";
22T109_8;52AW00/22OXG:22T109_8.PNT\hist00;;;;;;;;0;400;;;;град.С;"Т ХГ после окис. ";
22T109_9;52AW00/22OXG:22T109_9.PNT\hist00;;;;;;;;0;400;;;;град.С;"Т ХГ в зоне реак. ";
22PS182_1;52AW00/22PODSH_AO:22PS182_1.PNT\hist00;;;;;;;;0;6;;;;кг/см2;АварСигнОсевСдвига  РотораТурбины;
22PS182_2;52AW00/22PODSH_AO:22PS182_2.PNT\hist00;;;;;;;;0;6;;;;кг/см2;АварСигнОсевСдвига  РотораТурбины;
22PS183_1;52AW00/22PODSH_AO:22PS183_1.PNT\hist00;;;;;;;;0;6;;;;кг/см2;АварСигнОсевСдвига  РотораНагнет.;
22PS183_2;52AW00/22PODSH_AO:22PS183_2.PNT\hist00;;;;;;;;0;6;;;;кг/см2;АварСигнОсевСдвига  РотораНагнет.;
22TS177_1;52AW00/22PODSH_AO:22TS177_1.PNT\hist00;;;;;;;;0;100;;;;град.С;Т подшипника редуктора;
22TS177_2;52AW00/22PODSH_AO:22TS177_2.PNT\hist00;;;;;;;;0;100;;;;град.С;Т подшипника редуктора;
22TS177_3;52AW00/22PODSH_AO:22TS177_3.PNT\hist00;;;;;;;;0;100;;;;град.С;Т подшипника редуктора;
22TS177_4;52AW00/22PODSH_AO:22TS177_4.PNT\hist00;;;;;;;;0;100;;;;град.С;Т подшипника редуктора;
22TS177_5;52AW00/22PODSH_AO:22TS177_5.PNT\hist00;;;;;;;;0;100;;;;град.С;Т подшипника редуктора;
22TS177_6;52AW00/22PODSH_AO:22TS177_6.PNT\hist00;;;;;;;;0;100;;;;град.С;Т подшипника редуктора;
22TS177_7;52AW00/22PODSH_AO:22TS177_7.PNT\hist00;;;;;;;;0;100;;;;град.С;Т подшипника редуктора;
22TS177_8;52AW00/22PODSH_AO:22TS177_8.PNT\hist00;;;;;;;;0;100;;;;град.С;Т подшипника редуктора;
22TS178_1;52AW00/22PODSH_AO:22TS178_1.PNT\hist00;;;;;;;;0;100;;;;град.С;Т опор. Подшипника компрессора;
22TS178_2;52AW00/22PODSH_AO:22TS178_2.PNT\hist00;;;;;;;;0;100;;;;град.С;Т опор. Подшипника турбины;
22TS178_3;52AW00/22PODSH_AO:22TS178_3.PNT\hist00;;;;;;;;0;100;;;;град.С;Т упор. Подшипника турбины;
22TS178_4;52AW00/22PODSH_AO:22TS178_4.PNT\hist00;;;;;;;;0;100;;;;град.С;Т упор. Подшипника турбины;
22TS178_5;52AW00/22PODSH_AO:22TS178_5.PNT\hist00;;;;;;;;0;100;;;;град.С;Т перед. Подшип-ка нагнетателя;
22TS178_6;52AW00/22PODSH_AO:22TS178_6.PNT\hist00;;;;;;;;0;100;;;;град.С;Т упор. Подшипника нагнетателя;
22TS178_7;52AW00/22PODSH_AO:22TS178_7.PNT\hist00;;;;;;;;0;100;;;;град.С;Т задн. Подшипника нагнетателя;
22TS179_1;52AW00/22PODSH_AO:22TS179_1.PNT\hist00;;;;;;;;0;100;;;;град.С;Т подшипника РД;
22TS179_2;52AW00/22PODSH_AO:22TS179_2.PNT\hist00;;;;;;;;0;100;;;;град.С;Т подшипника РД;
22TS179_3;52AW00/22PODSH_AO:22TS179_3.PNT\hist00;;;;;;;;0;100;;;;град.С;Т обмотки статора РД;
22EA_RD;52AW00/22RD:22EA_RD.PNT\hist00;;;;;;;;-1500;1500;;;;квт;Мощность  РД;
22IA_RD;52AW00/22RD:22IA_RD.PNT\hist00;;;;;;;;0;150;;;;А;Ток статора  РД;
22P193;52AW00/22RD:22P193.PNT\hist00;;;;;;;;0;1000;;;;мм;"Положение экранов ЖРС ";
22T192;52AW00/22RD:22T192.PNT\hist00;;;;;;;;0;100;;;;град.С;Т электролита  ЖРС;
22F132;52AW00/22REKUP:22F132.PNT\hist00;;;;;;;;0;12.52244;;;;м3/ч;F пит. Воды в КУГ;
22F133;52AW00/22REKUP:22F133.PNT\hist00;;;;;;;;0;39.57908;;;;м3/ч;Fпит. Воды в КУН;
22T174;52AW00/22REKUP:22T174.PNT\hist00;;;;;;;;0;1100;;;;град.С;Т ОХГ  перед ГТТ;
22LC130;52AW00/22REKUP:22LC130.PNT\hist00;;;;;;;;-315;315;;;;мм;Рег.L пит. Воды в КУГ;
22LCV130;52AW00/22REKUP:22LCV130.PNT\hist00;;;;;;;;0;100;;;;%;Рег.Клап.L  в КУГ;
22LC131;52AW00/22REKUP:22LC131.PNT\hist00;;;;;;;;-315;315;;;;мм;Рег.L пит. Воды в КУН;
22LCV131;52AW00/22REKUP:22LCV131.PNT\hist00;;;;;;;;0;100;;;;%;Рег.Клап.L  в КУН;
22P135;52AW00/22REKUP:22P135.PNT\hist00;;;;;;;;0;20;;;;кг/см2;Р перег. пара из КУН;
22P136;52AW00/22REKUP:22P136.PNT\hist00;;;;;;;;0;20;;;;кг/см2;Р перег. пара из КУГ;
22PD170;52AW00/22REKUP:22PD170.PNT\hist00;;;;;;;;0;2,5;;;;кг/см2;Пер.Р Возд./ХГ Нагн.1г/ГТТ;
22T101_4;52AW00/22REKUP:22T101_4.PNT\hist00;;;;;;;;0;400;;;;град.С;Т перег. пара из КУН;
22T101_5;52AW00/22REKUP:22T101_5.PNT\hist00;;;;;;;;0;400;;;;град.С;Т ХГ после КУГ;
22T101_6;52AW00/22REKUP:22T101_6.PNT\hist00;;;;;;;;0;400;;;;град.С;Т перег. пара из КУГ;
22T114_1;52AW00/22REKUP:22T114_1.PNT\hist00;;;;;;;;0;400;;;;град.С;Т метал.газ.камер КУН;
22T114_2;52AW00/22REKUP:22T114_2.PNT\hist00;;;;;;;;0;400;;;;град.С;Т метал.газ.камер КУН;
22T114_3;52AW00/22REKUP:22T114_3.PNT\hist00;;;;;;;;0;400;;;;град.С;Т метал.газ.камер КУН;
22T114_4;52AW00/22REKUP:22T114_4.PNT\hist00;;;;;;;;0;400;;;;град.С;Т метал.газ.камер КУН;
22T114_5;52AW00/22REKUP:22T114_5.PNT\hist00;;;;;;;;0;400;;;;град.С;Т метал.газ.камер КУН;
22T114_6;52AW00/22REKUP:22T114_6.PNT\hist00;;;;;;;;0;400;;;;град.С;Т метал.газ.камер КУН;
22T173_4;52AW00/22REKUP:22T173_4.PNT\hist00;;;;;;;;0;600;;;;град.С;Т газов  после ГТТ;
22T183;52AW00/22REKUP:22T183.PNT\hist00;;;;;;;;0;1100;;;;град.С;Т газов из УКСТ 1в;
22PS178;52AW00/22SBS_AO:22PS178.PNT\hist00;;;;;;;;0;16;;;;кг/см2;Р ПГ  до Стоп. Отсек.;
22PS179;52AW00/22SBS_AO:22PS179.PNT\hist00;;;;;;;;0;1,6;;;;кг/см2;Р масла смазки в ГТТ-3М;
22PS180;52AW00/22SBS_AO:22PS180.PNT\hist00;;;;;;;;0;3;;;;кг/см2;Р воздуха из компр. 1а;
22TS174;52AW00/22SBS_AOK:22TS174.PNT\hist00;;;;;;;;0;1100;;;;град.С;Т ОХГ Блок. перед ГТТ;
22LS131;52AW00/22SBS_AOK:22LS131.PNT\hist00;;;;;;;;-315;315;;;;мм;Авар.L пит. Воды в КУН;
22TS101;52AW00/22SBS_AOK:22TS101.PNT\hist00;;;;;;;;0;400;;;;град.С;Т АВС после смесит.3;
22FC171;52AW00/22UKST:22FC171.PNT\hist00;;;;;;;;0;2012.785;;;;м3/ч;Расход ПГ в УКСТ;
22HCV171;52AW00/22UKST:22HCV171.PNT\hist00;;;;;;;;0;100;;;;%;"Упр. РК скорости вращения турб. ";
22PD171;52AW00/22UKST:22PD171.PNT\hist00;;;;;;;;0;2500;;;;кгс/м2;Перепад ПГ в УКСТ;
22T116;52AW00/22UKST:22T116.PNT\hist00;;;;;;;;-50;50;;;;град.С;Т ПГ в УКСТ;
22FC107;52AW00/22UKST:22FC107.PNT\hist00;;;;;;;;0;15679.61;;;;м3/ч;F воздуха  в УКСТ 1в;
22HCV107;52AW00/22UKST:22HCV107.PNT\hist00;;;;;;;;0;100;;;;%;Дист.Упр.Рег.Клап. возд. в КСТ 1в;
22G171;52AW00/22UKST:22G171.PNT\hist00;;;;;;;;0;100;;;;%;"Полож. РК скорости вращения турб. ";
22P187;52AW00/22UKST:22P187.PNT\hist00;;;;;;;;0;10;;;;кг/см2;"РПГ после РК  cкорости турб. ";
32F103;52AW00/32ABSOR:32F103.PNT\hist00;;;;;;;;0;14620.52;;;;м3/ч;F доб. Воздуха НГ и прод.кол.;
32F111_1;52AW00/32ABSOR:32F111_1.PNT\hist00;;;;;;;;0;1072.343;;;;м3/ч;F об. Воды (1) на абсорб.;
32F111_2;52AW00/32ABSOR:32F111_2.PNT\hist00;;;;;;;;0;820.001;;;;м3/ч;F об. Воды (2) на абсорб.;
32FC104;52AW00/32ABSOR:32FC104.PNT\hist00;;;;;;;;0;9479.635;;;;м3/ч;Рег.F воздуха в прод.Кол.12;
32FCV104;52AW00/32ABSOR:32FCV104.PNT\hist00;;;;;;;;0;100;;;;%;Рег.Клап.F воздуха в прод.Кол.12;
32FC110;52AW00/32ABSOR:32FC110.PNT\hist00;;;;;;;;0;9.986808;;;;м3/ч;Рег.F КСП в абс.Колон.8;
32FCV110;52AW00/32ABSOR:32FCV110.PNT\hist00;;;;;;;;0;100;;;;%;Рег.Клап.F КСП в абс.Колон.8;
32F105;52AW00/32ABSOR:32F105.PNT\hist00;;;;;;;;0;25;;;;м3/ч;F кислоты с агрегата;
32Q105;52AW00/32ABSOR:32Q105.PNT\hist00;;;;;;;;50;60;;;;%;Q кислоты с агрегата;
32T108_4;52AW00/32ABSOR:32T108_4.PNT\hist00;;;;;;;;0;150;;;;град.С;Т кислоты за прод.Кол.12;
32LC105;52AW00/32ABSOR:32LC105.PNT\hist00;;;;;;;;430;830;;;;мм;Рег.L кислоты в прод.Кол.12;
32LCV105;52AW00/32ABSOR:32LCV105.PNT\hist00;;;;;;;;0;100;;;;%;Рег.Клап.L кислоты в прод.Кол.12;
32T108_1;52AW00/32ABSOR:32T108_1.PNT\hist00;;;;;;;;0;150;;;;град.С;Т НГ в абс.Колон.8;
32T108_2;52AW00/32ABSOR:32T108_2.PNT\hist00;;;;;;;;0;150;;;;град.С;Т кислоты в кубе абс.кол;
32T108_3;52AW00/32ABSOR:32T108_3.PNT\hist00;;;;;;;;0;150;;;;град.С;Т ХГ Вых.подогр.6;
32T108_5;52AW00/32ABSOR:32T108_5.PNT\hist00;;;;;;;;0;400;;;;град.С;Т НГ за подогр.1;
32T108_6;52AW00/32ABSOR:32T108_6.PNT\hist00;;;;;;;;0;150;;;;град.С;Т НГ за холод.7;
32F113;52AW00/32GTT:32F113.PNT\hist00;;;;;;;;0;1038.555;;;;м3/ч;F обор. воды на ГТТ;
32P181;52AW00/32GTT:32P181.PNT\hist00;;;;;;;;0;10;;;;кг/см2;Р воздуха за нагнет 1г;
32T173_1;52AW00/32GTT:32T173_1.PNT\hist00;;;;;;;;0;200;;;;град.С;Т воздуха за нагнет 1г;
32HCV170;52AW00/32GTT:32HCV170.PNT\hist00;;;;;;;;0;100;;;;%;Дист.Упр.Рег.Клап. возд.ГТТиТехн;
32SCS171_1;52AW00/32GTT:32SCS171_1.PNT\hist00;;;;;;;;0;6000;;;;об/мин;"Регулятор Скор. вращения турб. ";
32SCS171_2;52AW00/32GTT:32SCS171_2.PNT\hist00;;;;;;;;0;6000;;;;об/мин;"Регулятор Скор. вращения турб. ";
32SCS171_3;52AW00/32GTT:32SCS171_3.PNT\hist00;;;;;;;;0;6000;;;;об/мин;"Регулятор Скор. вращения турб. ";
32T170_3;52AW00/32GTT:32T170_3.PNT\hist00;;;;;;;;0;100;;;;град.С;Т Воды до маслоохлад.;
32T170_4;52AW00/32GTT:32T170_4.PNT\hist00;;;;;;;;0;100;;;;град.С;Т Воды за маслоохлад.;
32T170_5;52AW00/32GTT:32T170_5.PNT\hist00;;;;;;;;0;100;;;;град.С;Т Воды за воздухоохл.;
32T170_6;52AW00/32GTT:32T170_6.PNT\hist00;;;;;;;;0;100;;;;град.С;Т воздуха за ВоздОхл 1д;
32T173_2;52AW00/32GTT:32T173_2.PNT\hist00;;;;;;;;0;200;;;;град.С;Т воздуха из компр. 1а;
32P128;52AW00/32KONV:32P128.PNT\hist00;;;;;;;;0;10;;;;кг/см2;Р АВС после смесит.2;
32F102;52AW00/32KONV:32F102.PNT\hist00;;;;;;;;0;61263.83;;;;м3/ч;F возд (А) в смесит. 2;
32FC101;52AW00/32KONV:32FC101.PNT\hist00;;;;;;;;0;7813.814;;;;м3/ч;F ГА в смесит. 2;
32FFCV101;52AW00/32KONV:32FFCV101.PNT\hist00;;;;;;;;0;100;;;;%;"Клап.Соотн ГА/Возд ";
32FS101;52AW00/32KONV:32FS101.PNT\hist00;;;;;;;;0;7813.814;;;;м3/ч;F ГА Блок. в смесит. 2;
32FS102;52AW00/32KONV:32FS102.PNT\hist00;;;;;;;;0;61263.83;;;;м3/ч;F возд (В) Блок. в смесит. 2;
32G101;52AW00/32KONV:32G101.PNT\hist00;;;;;;;;0;100;;;;%;Клап.Соотн ГА/Возд положение;
32P101A;52AW00/32KONV:32P101A.PNT\hist00;;;;;;;;0;10;;;;кг/см2;"Р ГА в смеситель 2 ";
32P101B;52AW00/32KONV:32P101B.PNT\hist00;;;;;;;;0;10;;;;кг/см2;"Р ГА в смеситель 2 ";
32P127A;52AW00/32KONV:32P127A.PNT\hist00;;;;;;;;0;10;;;;кг/см2;Р возд (А) в смесит. 2;
32P127B;52AW00/32KONV:32P127B.PNT\hist00;;;;;;;;0;10;;;;кг/см2;Р возд (В) в смесит. 2;
32T101A;52AW00/32KONV:32T101A.PNT\hist00;;;;;;;;0;200;;;;град.С;"Т ГА в смеситель 2 ";
32T101B;52AW00/32KONV:32T101B.PNT\hist00;;;;;;;;0;200;;;;град.С;"Т ГА в смеситель 2 ";
32T127A;52AW00/32KONV:32T127A.PNT\hist00;;;;;;;;0;200;;;;град.С;Т возд (А) в смесит. 2;
32T127B;52AW00/32KONV:32T127B.PNT\hist00;;;;;;;;0;200;;;;град.С;Т возд (В) в смесит. 2;
32T103;52AW00/32KONV:32T103.PNT\hist00;;;;;;;;0;400;;;;град.С;Т НГ на Вых. КУН;
32TS102_1;52AW00/32KONV:32TS102_1.PNT\hist00;;;;;;;;0;1100;;;;град.С;Т под сетками конт. Апар.п.2;
32TS102_2;52AW00/32KONV:32TS102_2.PNT\hist00;;;;;;;;0;1100;;;;град.С;Т под сетками конт. Апар.п.2;
32TS102_3;52AW00/32KONV:32TS102_3.PNT\hist00;;;;;;;;0;1100;;;;град.С;Т под сетками конт. Апар.п.2;
32PS176;52AW00/32MASLO:32PS176.PNT\hist00;;;;;;;;0;10;;;;кг/см2;"Р напорного масла ";
32T170_1;52AW00/32MASLO:32T170_1.PNT\hist00;;;;;;;;0;100;;;;град.С;Т масла до маслоохлад.;
32T170_2;52AW00/32MASLO:32T170_2.PNT\hist00;;;;;;;;0;100;;;;град.С;Т масла за маслоохлад.;
32HCV101;52AW00/32NH3:32HCV101.PNT\hist00;;;;;;;;0;100;;;;%;Дист. упр. клап.ГА в завод. сеть;
32LC108;52AW00/32NH3:32LC108.PNT\hist00;;;;;;;;700;1100;;;;мм;Рег.L ЖА в испарит. 11;
32LCV108;52AW00/32NH3:32LCV108.PNT\hist00;;;;;;;;0;100;;;;%;Клап.рег.L ЖА в испарит. 11;
32PC110;52AW00/32NH3:32PC110.PNT\hist00;;;;;;;;0;20;;;;кг/см2;Рег.Р ГА подач.Пар за испарит. 11;
32PCV110;52AW00/32NH3:32PCV110.PNT\hist00;;;;;;;;0;100;;;;%;Клап.рег.Р ГА за испарит. 11;
32TC112;52AW00/32NH3:32TC112.PNT\hist00;;;;;;;;0;200;;;;град.С;Рег.Т ГА подач.Пар  в подогр.11г;
32TCV112;52AW00/32NH3:32TCV112.PNT\hist00;;;;;;;;0;100;;;;%;Клап.рег.Т ГА  в подогр.11г;
32TS112;52AW00/32NH3:32TS112.PNT\hist00;;;;;;;;0;200;;;;град.С;Авар.сигн.Т ГА  в подогр.11г;
32FC106;52AW00/32OXG:32FC106.PNT\hist00;;;;;;;;0;104.2962;;;;м3/ч;Рег. F ГА  в РСО;
32FCV106;52AW00/32OXG:32FCV106.PNT\hist00;;;;;;;;0;100;;;;%;Рег.Клап. F ГА  в РСО;
32T109_2;52AW00/32OXG:32T109_2.PNT\hist00;;;;;;;;0;400;;;;град.С;"Т ХГ до РСО ";
32T109_4;52AW00/32OXG:32T109_4.PNT\hist00;;;;;;;;0;400;;;;град.С;"Т НГ за подог.ХГ ";
32T109_5;52AW00/32OXG:32T109_5.PNT\hist00;;;;;;;;0;400;;;;град.С;"Т ХГ после РСО ";
32T109_7;52AW00/32OXG:32T109_7.PNT\hist00;;;;;;;;0;400;;;;град.С;"Т ХГ в зоне реак. ";
32T109_8;52AW00/32OXG:32T109_8.PNT\hist00;;;;;;;;0;400;;;;град.С;"Т ХГ после окис. ";
32T109_9;52AW00/32OXG:32T109_9.PNT\hist00;;;;;;;;0;400;;;;град.С;"Т ХГ в зоне реак. ";
32PS182_1;52AW00/32PODSH_AO:32PS182_1.PNT\hist00;;;;;;;;0;6;;;;кг/см2;АварСигнОсевСдвига  РотораТурбины;
32PS182_2;52AW00/32PODSH_AO:32PS182_2.PNT\hist00;;;;;;;;0;6;;;;кг/см2;АварСигнОсевСдвига  РотораТурбины;
32PS183_1;52AW00/32PODSH_AO:32PS183_1.PNT\hist00;;;;;;;;0;6;;;;кг/см2;АварСигнОсевСдвига  РотораНагнет.;
32PS183_2;52AW00/32PODSH_AO:32PS183_2.PNT\hist00;;;;;;;;0;6;;;;кг/см2;АварСигнОсевСдвига  РотораНагнет.;
32TS177_1;52AW00/32PODSH_AO:32TS177_1.PNT\hist00;;;;;;;;0;100;;;;град.С;Т подшипника редуктора;
32TS177_2;52AW00/32PODSH_AO:32TS177_2.PNT\hist00;;;;;;;;0;100;;;;град.С;Т подшипника редуктора;
32TS177_3;52AW00/32PODSH_AO:32TS177_3.PNT\hist00;;;;;;;;0;100;;;;град.С;Т подшипника редуктора;
32TS177_4;52AW00/32PODSH_AO:32TS177_4.PNT\hist00;;;;;;;;0;100;;;;град.С;Т подшипника редуктора;
32TS177_5;52AW00/32PODSH_AO:32TS177_5.PNT\hist00;;;;;;;;0;100;;;;град.С;Т подшипника редуктора;
32TS177_6;52AW00/32PODSH_AO:32TS177_6.PNT\hist00;;;;;;;;0;100;;;;град.С;Т подшипника редуктора;
32TS177_7;52AW00/32PODSH_AO:32TS177_7.PNT\hist00;;;;;;;;0;100;;;;град.С;Т подшипника редуктора;
32TS177_8;52AW00/32PODSH_AO:32TS177_8.PNT\hist00;;;;;;;;0;100;;;;град.С;Т подшипника редуктора;
32TS178_1;52AW00/32PODSH_AO:32TS178_1.PNT\hist00;;;;;;;;0;100;;;;град.С;Т опор. Подшипника компрессора;
32TS178_2;52AW00/32PODSH_AO:32TS178_2.PNT\hist00;;;;;;;;0;100;;;;град.С;Т опор. Подшипника турбины;
32TS178_3;52AW00/32PODSH_AO:32TS178_3.PNT\hist00;;;;;;;;0;100;;;;град.С;Т упор. Подшипника турбины;
32TS178_4;52AW00/32PODSH_AO:32TS178_4.PNT\hist00;;;;;;;;0;100;;;;град.С;Т упор. Подшипника турбины;
32TS178_5;52AW00/32PODSH_AO:32TS178_5.PNT\hist00;;;;;;;;0;100;;;;град.С;Т перед. Подшип-ка нагнетателя;
32TS178_6;52AW00/32PODSH_AO:32TS178_6.PNT\hist00;;;;;;;;0;100;;;;град.С;Т упор. Подшипника нагнетателя;
32TS178_7;52AW00/32PODSH_AO:32TS178_7.PNT\hist00;;;;;;;;0;100;;;;град.С;Т задн. Подшипника нагнетателя;
32TS179_1;52AW00/32PODSH_AO:32TS179_1.PNT\hist00;;;;;;;;0;100;;;;град.С;Т подшипника РД;
32TS179_2;52AW00/32PODSH_AO:32TS179_2.PNT\hist00;;;;;;;;0;100;;;;град.С;Т подшипника РД;
32TS179_3;52AW00/32PODSH_AO:32TS179_3.PNT\hist00;;;;;;;;0;100;;;;град.С;Т обмотки статора РД;
32EA_RD;52AW00/32RD:32EA_RD.PNT\hist00;;;;;;;;-1500;1500;;;;квт;Мощность  РД;
32IA_RD;52AW00/32RD:32IA_RD.PNT\hist00;;;;;;;;0;150;;;;А;Ток статора  РД;
32P193;52AW00/32RD:32P193.PNT\hist00;;;;;;;;0;1000;;;;мм;"Положение экранов ЖРС ";
32T192;52AW00/32RD:32T192.PNT\hist00;;;;;;;;0;100;;;;град.С;Т электролита  ЖРС;
32F132;52AW00/32REKUP:32F132.PNT\hist00;;;;;;;;0;12.51230;;;;м3/ч;F пит. Воды в КУГ;
32F133;52AW00/32REKUP:32F133.PNT\hist00;;;;;;;;0;39.56160;;;;м3/ч;Fпит. Воды в КУН;
32T174;52AW00/32REKUP:32T174.PNT\hist00;;;;;;;;0;1100;;;;град.С;Т ОХГ  перед ГТТ;
32LC130;52AW00/32REKUP:32LC130.PNT\hist00;;;;;;;;-315;315;;;;мм;Рег.L пит. Воды в КУГ;
32LCV130;52AW00/32REKUP:32LCV130.PNT\hist00;;;;;;;;0;100;;;;%;Рег.Клап.L  в КУГ;
32LC131;52AW00/32REKUP:32LC131.PNT\hist00;;;;;;;;-315;315;;;;мм;Рег.L пит. Воды в КУН;
32LCV131;52AW00/32REKUP:32LCV131.PNT\hist00;;;;;;;;0;100;;;;%;Рег.Клап.L  в КУН;
32P135;52AW00/32REKUP:32P135.PNT\hist00;;;;;;;;0;20;;;;кг/см2;Р перег. пара из КУН;
32P136;52AW00/32REKUP:32P136.PNT\hist00;;;;;;;;0;20;;;;кг/см2;Р перег. пара из КУГ;
32PD170;52AW00/32REKUP:32PD170.PNT\hist00;;;;;;;;0;2,5;;;;кг/см2;Пер.Р Возд./ХГ Нагн.1г/ГТТ;
32T101_4;52AW00/32REKUP:32T101_4.PNT\hist00;;;;;;;;0;400;;;;град.С;Т перег. пара из КУН;
32T101_5;52AW00/32REKUP:32T101_5.PNT\hist00;;;;;;;;0;400;;;;град.С;Т ХГ после КУГ;
32T101_6;52AW00/32REKUP:32T101_6.PNT\hist00;;;;;;;;0;400;;;;град.С;Т перег. пара из КУГ;
32T114_1;52AW00/32REKUP:32T114_1.PNT\hist00;;;;;;;;0;400;;;;град.С;Т метал.газ.камер КУН;
32T114_2;52AW00/32REKUP:32T114_2.PNT\hist00;;;;;;;;0;400;;;;град.С;Т метал.газ.камер КУН;
32T114_3;52AW00/32REKUP:32T114_3.PNT\hist00;;;;;;;;0;400;;;;град.С;Т метал.газ.камер КУН;
32T114_4;52AW00/32REKUP:32T114_4.PNT\hist00;;;;;;;;0;400;;;;град.С;Т метал.газ.камер КУН;
32T114_5;52AW00/32REKUP:32T114_5.PNT\hist00;;;;;;;;0;400;;;;град.С;Т метал.газ.камер КУН;
32T114_6;52AW00/32REKUP:32T114_6.PNT\hist00;;;;;;;;0;400;;;;град.С;Т метал.газ.камер КУН;
32T173_4;52AW00/32REKUP:32T173_4.PNT\hist00;;;;;;;;0;600;;;;град.С;Т газов  после ГТТ;
32T183;52AW00/32REKUP:32T183.PNT\hist00;;;;;;;;0;1100;;;;град.С;Т газов из УКСТ 1в;
32PS178;52AW00/32SBS_AO:32PS178.PNT\hist00;;;;;;;;0;16;;;;кг/см2;Р ПГ  до Стоп. Отсек.;
32PS179;52AW00/32SBS_AO:32PS179.PNT\hist00;;;;;;;;0;1,6;;;;кг/см2;Р масла смазки в ГТТ-3М;
32PS180;52AW00/32SBS_AO:32PS180.PNT\hist00;;;;;;;;0;3;;;;кг/см2;Р воздуха из компр. 1а;
32TS174;52AW00/32SBS_AOK:32TS174.PNT\hist00;;;;;;;;0;1100;;;;град.С;Т ОХГ Блок. перед ГТТ;
32LS131;52AW00/32SBS_AOK:32LS131.PNT\hist00;;;;;;;;-315;315;;;;мм;Авар.L пит. Воды в КУН;
32TS101;52AW00/32SBS_AOK:32TS101.PNT\hist00;;;;;;;;0;400;;;;град.С;Т АВС после смесит.3;
32FC171;52AW00/32UKST:32FC171.PNT\hist00;;;;;;;;0;1911.378;;;;м3/ч;Расход ПГ в УКСТ;
32HCV171;52AW00/32UKST:32HCV171.PNT\hist00;;;;;;;;0;100;;;;%;"Упр. РК скорости вращения турб. ";
32PD171;52AW00/32UKST:32PD171.PNT\hist00;;;;;;;;0;2500;;;;кгс/м2;Перепад ПГ в УКСТ;
32T116;52AW00/32UKST:32T116.PNT\hist00;;;;;;;;-50;50;;;;град.С;Т ПГ в УКСТ;
32FC107;52AW00/32UKST:32FC107.PNT\hist00;;;;;;;;0;15450.36;;;;м3/ч;F воздуха  в УКСТ 1в;
32HCV107;52AW00/32UKST:32HCV107.PNT\hist00;;;;;;;;0;100;;;;%;Дист.Упр.Рег.Клап. возд. в КСТ 1в;
32G171;52AW00/32UKST:32G171.PNT\hist00;;;;;;;;0;100;;;;%;"Полож. РК скорости вращения турб. ";
32P187;52AW00/32UKST:32P187.PNT\hist00;;;;;;;;0;10;;;;кг/см2;"РПГ после РК  cкорости турб. ";
42F103;52AW00/42ABSOR:42F103.PNT\hist00;;;;;;;;0;14909.43;;;;м3/ч;F доб. Воздуха НГ и прод.кол.;
42F111_1;52AW00/42ABSOR:42F111_1.PNT\hist00;;;;;;;;0;1072.343;;;;м3/ч;F об. Воды (1) на абсорб.;
42F111_2;52AW00/42ABSOR:42F111_2.PNT\hist00;;;;;;;;0;820.001;;;;м3/ч;F об. Воды (2) на абсорб.;
42FC104;52AW00/42ABSOR:42FC104.PNT\hist00;;;;;;;;0;6175.026;;;;м3/ч;Рег.F воздуха в прод.Кол.12;
42FCV104;52AW00/42ABSOR:42FCV104.PNT\hist00;;;;;;;;0;100;;;;%;Рег.Клап.F воздуха в прод.Кол.12;
42FC110;52AW00/42ABSOR:42FC110.PNT\hist00;;;;;;;;0;9.977237;;;;м3/ч;Рег.F КСП в абс.Колон.8;
42FCV110;52AW00/42ABSOR:42FCV110.PNT\hist00;;;;;;;;0;100;;;;%;Рег.Клап.F КСП в абс.Колон.8;
42F105;52AW00/42ABSOR:42F105.PNT\hist00;;;;;;;;0;25;;;;м3/ч;F кислоты с агрегата;
42Q105;52AW00/42ABSOR:42Q105.PNT\hist00;;;;;;;;50;60;;;;%;Q кислоты с агрегата;
42T108_4;52AW00/42ABSOR:42T108_4.PNT\hist00;;;;;;;;0;150;;;;град.С;Т кислоты за прод.Кол.12;
42LC105;52AW00/42ABSOR:42LC105.PNT\hist00;;;;;;;;430;830;;;;мм;Рег.L кислоты в прод.Кол.12;
42LCV105;52AW00/42ABSOR:42LCV105.PNT\hist00;;;;;;;;0;100;;;;%;Рег.Клап.L кислоты в прод.Кол.12;
42T108_1;52AW00/42ABSOR:42T108_1.PNT\hist00;;;;;;;;0;150;;;;град.С;Т НГ в абс.Колон.8;
42T108_2;52AW00/42ABSOR:42T108_2.PNT\hist00;;;;;;;;0;150;;;;град.С;Т кислоты в кубе абс.кол;
42T108_3;52AW00/42ABSOR:42T108_3.PNT\hist00;;;;;;;;0;150;;;;град.С;Т ХГ Вых.подогр.6;
42T108_5;52AW00/42ABSOR:42T108_5.PNT\hist00;;;;;;;;0;400;;;;град.С;Т НГ за подогр.1;
42T108_6;52AW00/42ABSOR:42T108_6.PNT\hist00;;;;;;;;0;150;;;;град.С;Т НГ за холод.7;
42F113;52AW00/42GTT:42F113.PNT\hist00;;;;;;;;0;1038.555;;;;м3/ч;F обор. воды на ГТТ;
42P181;52AW00/42GTT:42P181.PNT\hist00;;;;;;;;0;10;;;;кг/см2;Р воздуха за нагнет 1г;
42T173_1;52AW00/42GTT:42T173_1.PNT\hist00;;;;;;;;0;200;;;;град.С;Т воздуха за нагнет 1г;
42HCV170;52AW00/42GTT:42HCV170.PNT\hist00;;;;;;;;0;100;;;;%;Дист.Упр.Рег.Клап. возд.ГТТиТехн;
42SCS171_1;52AW00/42GTT:42SCS171_1.PNT\hist00;;;;;;;;0;6000;;;;об/мин;"Регулятор Скор. вращения турб. ";
42SCS171_2;52AW00/42GTT:42SCS171_2.PNT\hist00;;;;;;;;0;6000;;;;об/мин;"Регулятор Скор. вращения турб. ";
42SCS171_3;52AW00/42GTT:42SCS171_3.PNT\hist00;;;;;;;;0;6000;;;;об/мин;"Регулятор Скор. вращения турб. ";
42T170_3;52AW00/42GTT:42T170_3.PNT\hist00;;;;;;;;0;100;;;;град.С;Т Воды до маслоохлад.;
42T170_4;52AW00/42GTT:42T170_4.PNT\hist00;;;;;;;;0;100;;;;град.С;Т Воды за маслоохлад.;
42T170_5;52AW00/42GTT:42T170_5.PNT\hist00;;;;;;;;0;100;;;;град.С;Т Воды за воздухоохл.;
42T170_6;52AW00/42GTT:42T170_6.PNT\hist00;;;;;;;;0;100;;;;град.С;Т воздуха за ВоздОхл 1д;
42T173_2;52AW00/42GTT:42T173_2.PNT\hist00;;;;;;;;0;200;;;;град.С;Т воздуха из компр. 1а;
42P128;52AW00/42KONV:42P128.PNT\hist00;;;;;;;;0;10;;;;кг/см2;Р АВС после смесит.2;
42F102;52AW00/42KONV:42F102.PNT\hist00;;;;;;;;0;61306.34;;;;м3/ч;F возд (А) в смесит. 2;
42FC101;52AW00/42KONV:42FC101.PNT\hist00;;;;;;;;0;7803.259;;;;м3/ч;F ГА в смесит. 2;
42FFCV101;52AW00/42KONV:42FFCV101.PNT\hist00;;;;;;;;0;100;;;;%;"Клап.Соотн ГА/Возд ";
42FS101;52AW00/42KONV:42FS101.PNT\hist00;;;;;;;;0;7805.845;;;;м3/ч;F ГА Блок. в смесит. 2;
42FS102;52AW00/42KONV:42FS102.PNT\hist00;;;;;;;;0;62466.89;;;;м3/ч;F возд (В) Блок. в смесит. 2;
42G101;52AW00/42KONV:42G101.PNT\hist00;;;;;;;;0;100;;;;%;Клап.Соотн ГА/Возд положение;
42P101A;52AW00/42KONV:42P101A.PNT\hist00;;;;;;;;0;10;;;;кг/см2;"Р ГА в смеситель 2 ";
42P101B;52AW00/42KONV:42P101B.PNT\hist00;;;;;;;;0;10;;;;кг/см2;"Р ГА в смеситель 2 ";
42P127A;52AW00/42KONV:42P127A.PNT\hist00;;;;;;;;0;10;;;;кг/см2;Р возд (А) в смесит. 2;
42P127B;52AW00/42KONV:42P127B.PNT\hist00;;;;;;;;0;10;;;;кг/см2;Р возд (В) в смесит. 2;
42T101A;52AW00/42KONV:42T101A.PNT\hist00;;;;;;;;0;200;;;;град.С;"Т ГА в смеситель 2 ";
42T101B;52AW00/42KONV:42T101B.PNT\hist00;;;;;;;;0;200;;;;град.С;"Т ГА в смеситель 2 ";
42T127A;52AW00/42KONV:42T127A.PNT\hist00;;;;;;;;0;200;;;;град.С;Т возд (А) в смесит. 2;
42T127B;52AW00/42KONV:42T127B.PNT\hist00;;;;;;;;0;200;;;;град.С;Т возд (В) в смесит. 2;
42T103;52AW00/42KONV:42T103.PNT\hist00;;;;;;;;0;400;;;;град.С;Т НГ на Вых. КУН;
42TS102_1;52AW00/42KONV:42TS102_1.PNT\hist00;;;;;;;;0;1100;;;;град.С;Т под сетками конт. Апар.п.2;
42TS102_2;52AW00/42KONV:42TS102_2.PNT\hist00;;;;;;;;0;1100;;;;град.С;Т под сетками конт. Апар.п.2;
42TS102_3;52AW00/42KONV:42TS102_3.PNT\hist00;;;;;;;;0;1100;;;;град.С;Т под сетками конт. Апар.п.2;
42PS176;52AW00/42MASLO:42PS176.PNT\hist00;;;;;;;;0;10;;;;кг/см2;"Р напорного масла ";
42T170_1;52AW00/42MASLO:42T170_1.PNT\hist00;;;;;;;;0;100;;;;град.С;Т масла до маслоохлад.;
42T170_2;52AW00/42MASLO:42T170_2.PNT\hist00;;;;;;;;0;100;;;;град.С;Т масла за маслоохлад.;
42HCV101;52AW00/42NH3:42HCV101.PNT\hist00;;;;;;;;0;100;;;;%;Дист. упр. клап.ГА в завод. сеть;
42LC108;52AW00/42NH3:42LC108.PNT\hist00;;;;;;;;700;1100;;;;мм;Рег.L ЖА в испарит. 11;
42LCV108;52AW00/42NH3:42LCV108.PNT\hist00;;;;;;;;0;100;;;;%;Клап.рег.L ЖА в испарит. 11;
42PC110;52AW00/42NH3:42PC110.PNT\hist00;;;;;;;;0;20;;;;кг/см2;Рег.Р ГА подач.Пар за испарит. 11;
42PCV110;52AW00/42NH3:42PCV110.PNT\hist00;;;;;;;;0;100;;;;%;Клап.рег.Р ГА за испарит. 11;
42TC112;52AW00/42NH3:42TC112.PNT\hist00;;;;;;;;0;200;;;;град.С;Рег.Т ГА подач.Пар  в подогр.11г;
42TCV112;52AW00/42NH3:42TCV112.PNT\hist00;;;;;;;;0;100;;;;%;Клап.рег.Т ГА  в подогр.11г;
42TS112;52AW00/42NH3:42TS112.PNT\hist00;;;;;;;;0;200;;;;град.С;Авар.сигн.Т ГА  в подогр.11г;
42FC106;52AW00/42OXG:42FC106.PNT\hist00;;;;;;;;0;84.05596;;;;м3/ч;Рег. F ГА  в РСО;
42FCV106;52AW00/42OXG:42FCV106.PNT\hist00;;;;;;;;0;100;;;;%;Рег.Клап. F ГА  в РСО;
42T109_2;52AW00/42OXG:42T109_2.PNT\hist00;;;;;;;;0;400;;;;град.С;"Т ХГ до РСО ";
42T109_4;52AW00/42OXG:42T109_4.PNT\hist00;;;;;;;;0;400;;;;град.С;"Т НГ за подог.ХГ ";
42T109_5;52AW00/42OXG:42T109_5.PNT\hist00;;;;;;;;0;400;;;;град.С;"Т ХГ после РСО ";
42T109_7;52AW00/42OXG:42T109_7.PNT\hist00;;;;;;;;0;400;;;;град.С;"Т ХГ в зоне реак. ";
42T109_8;52AW00/42OXG:42T109_8.PNT\hist00;;;;;;;;0;400;;;;град.С;"Т ХГ после окис. ";
42T109_9;52AW00/42OXG:42T109_9.PNT\hist00;;;;;;;;0;400;;;;град.С;"Т ХГ в зоне реак. ";
42PS182_1;52AW00/42PODSH_AO:42PS182_1.PNT\hist00;;;;;;;;0;6;;;;кг/см2;АварСигнОсевСдвига  РотораТурбины;
42PS182_2;52AW00/42PODSH_AO:42PS182_2.PNT\hist00;;;;;;;;0;6;;;;кг/см2;АварСигнОсевСдвига  РотораТурбины;
42PS183_1;52AW00/42PODSH_AO:42PS183_1.PNT\hist00;;;;;;;;0;6;;;;кг/см2;АварСигнОсевСдвига  РотораНагнет.;
42PS183_2;52AW00/42PODSH_AO:42PS183_2.PNT\hist00;;;;;;;;0;6;;;;кг/см2;АварСигнОсевСдвига  РотораНагнет.;
42TS177_1;52AW00/42PODSH_AO:42TS177_1.PNT\hist00;;;;;;;;0;100;;;;град.С;Т подшипника редуктора;
42TS177_2;52AW00/42PODSH_AO:42TS177_2.PNT\hist00;;;;;;;;0;100;;;;град.С;Т подшипника редуктора;
42TS177_3;52AW00/42PODSH_AO:42TS177_3.PNT\hist00;;;;;;;;0;100;;;;град.С;Т подшипника редуктора;
42TS177_4;52AW00/42PODSH_AO:42TS177_4.PNT\hist00;;;;;;;;0;100;;;;град.С;Т подшипника редуктора;
42TS177_5;52AW00/42PODSH_AO:42TS177_5.PNT\hist00;;;;;;;;0;100;;;;град.С;Т подшипника редуктора;
42TS177_6;52AW00/42PODSH_AO:42TS177_6.PNT\hist00;;;;;;;;0;100;;;;град.С;Т подшипника редуктора;
42TS177_7;52AW00/42PODSH_AO:42TS177_7.PNT\hist00;;;;;;;;0;100;;;;град.С;Т подшипника редуктора;
42TS177_8;52AW00/42PODSH_AO:42TS177_8.PNT\hist00;;;;;;;;0;100;;;;град.С;Т подшипника редуктора;
42TS178_1;52AW00/42PODSH_AO:42TS178_1.PNT\hist00;;;;;;;;0;100;;;;град.С;Т опор. Подшипника компрессора;
42TS178_2;52AW00/42PODSH_AO:42TS178_2.PNT\hist00;;;;;;;;0;100;;;;град.С;Т опор. Подшипника турбины;
42TS178_3;52AW00/42PODSH_AO:42TS178_3.PNT\hist00;;;;;;;;0;100;;;;град.С;Т упор. Подшипника турбины;
42TS178_4;52AW00/42PODSH_AO:42TS178_4.PNT\hist00;;;;;;;;0;100;;;;град.С;Т упор. Подшипника турбины;
42TS178_5;52AW00/42PODSH_AO:42TS178_5.PNT\hist00;;;;;;;;0;100;;;;град.С;Т перед. Подшип-ка нагнетателя;
42TS178_6;52AW00/42PODSH_AO:42TS178_6.PNT\hist00;;;;;;;;0;100;;;;град.С;Т упор. Подшипника нагнетателя;
42TS178_7;52AW00/42PODSH_AO:42TS178_7.PNT\hist00;;;;;;;;0;100;;;;град.С;Т задн. Подшипника нагнетателя;
42TS179_1;52AW00/42PODSH_AO:42TS179_1.PNT\hist00;;;;;;;;0;100;;;;град.С;Т подшипника РД;
42TS179_2;52AW00/42PODSH_AO:42TS179_2.PNT\hist00;;;;;;;;0;100;;;;град.С;Т подшипника РД;
42TS179_3;52AW00/42PODSH_AO:42TS179_3.PNT\hist00;;;;;;;;0;100;;;;град.С;Т обмотки статора РД;
42EA_RD;52AW00/42RD:42EA_RD.PNT\hist00;;;;;;;;-1500;1500;;;;квт;Мощность  РД;
42IA_RD;52AW00/42RD:42IA_RD.PNT\hist00;;;;;;;;0;150;;;;А;Ток статора  РД;
42P193;52AW00/42RD:42P193.PNT\hist00;;;;;;;;0;1000;;;;мм;"Положение экранов ЖРС ";
42T192;52AW00/42RD:42T192.PNT\hist00;;;;;;;;0;100;;;;град.С;Т электролита  ЖРС;
42F132;52AW00/42REKUP:42F132.PNT\hist00;;;;;;;;0;12.49204;;;;м3/ч;F пит. Воды в КУГ;
42F133;52AW00/42REKUP:42F133.PNT\hist00;;;;;;;;0;39.56160;;;;м3/ч;Fпит. Воды в КУН;
42T174;52AW00/42REKUP:42T174.PNT\hist00;;;;;;;;0;1100;;;;град.С;Т ОХГ  перед ГТТ;
42LC130;52AW00/42REKUP:42LC130.PNT\hist00;;;;;;;;-315;315;;;;мм;Рег.L пит. Воды в КУГ;
42LCV130;52AW00/42REKUP:42LCV130.PNT\hist00;;;;;;;;0;100;;;;%;Рег.Клап.L  в КУГ;
42LC131;52AW00/42REKUP:42LC131.PNT\hist00;;;;;;;;-315;315;;;;мм;Рег.L пит. Воды в КУН;
42LCV131;52AW00/42REKUP:42LCV131.PNT\hist00;;;;;;;;0;100;;;;%;Рег.Клап.L  в КУН;
42P135;52AW00/42REKUP:42P135.PNT\hist00;;;;;;;;0;20;;;;кг/см2;Р перег. пара из КУН;
42P136;52AW00/42REKUP:42P136.PNT\hist00;;;;;;;;0;20;;;;кг/см2;Р перег. пара из КУГ;
42PD170;52AW00/42REKUP:42PD170.PNT\hist00;;;;;;;;0;2,5;;;;кг/см2;Пер.Р Возд./ХГ Нагн.1г/ГТТ;
42T101_4;52AW00/42REKUP:42T101_4.PNT\hist00;;;;;;;;0;400;;;;град.С;Т перег. пара из КУН;
42T101_5;52AW00/42REKUP:42T101_5.PNT\hist00;;;;;;;;0;400;;;;град.С;Т ХГ после КУГ;
42T101_6;52AW00/42REKUP:42T101_6.PNT\hist00;;;;;;;;0;400;;;;град.С;Т перег. пара из КУГ;
42T114_1;52AW00/42REKUP:42T114_1.PNT\hist00;;;;;;;;0;400;;;;град.С;Т метал.газ.камер КУН;
42T114_2;52AW00/42REKUP:42T114_2.PNT\hist00;;;;;;;;0;400;;;;град.С;Т метал.газ.камер КУН;
42T114_3;52AW00/42REKUP:42T114_3.PNT\hist00;;;;;;;;0;400;;;;град.С;Т метал.газ.камер КУН;
42T114_4;52AW00/42REKUP:42T114_4.PNT\hist00;;;;;;;;0;400;;;;град.С;Т метал.газ.камер КУН;
42T114_5;52AW00/42REKUP:42T114_5.PNT\hist00;;;;;;;;0;400;;;;град.С;Т метал.газ.камер КУН;
42T114_6;52AW00/42REKUP:42T114_6.PNT\hist00;;;;;;;;0;400;;;;град.С;Т метал.газ.камер КУН;
42T173_4;52AW00/42REKUP:42T173_4.PNT\hist00;;;;;;;;0;600;;;;град.С;Т газов  после ГТТ;
42T183;52AW00/42REKUP:42T183.PNT\hist00;;;;;;;;0;1100;;;;град.С;Т газов из УКСТ 1в;
42PS178;52AW00/42SBS_AO:42PS178.PNT\hist00;;;;;;;;0;16;;;;кг/см2;Р ПГ  до Стоп. Отсек.;
42PS179;52AW00/42SBS_AO:42PS179.PNT\hist00;;;;;;;;0;1,6;;;;кг/см2;Р масла смазки в ГТТ-3М;
42PS180;52AW00/42SBS_AO:42PS180.PNT\hist00;;;;;;;;0;3;;;;кг/см2;Р воздуха из компр. 1а;
42TS174;52AW00/42SBS_AOK:42TS174.PNT\hist00;;;;;;;;0;1100;;;;град.С;Т ОХГ Блок. перед ГТТ;
42LS131;52AW00/42SBS_AOK:42LS131.PNT\hist00;;;;;;;;-315;315;;;;мм;Авар.L пит. Воды в КУН;
42TS101;52AW00/42SBS_AOK:42TS101.PNT\hist00;;;;;;;;0;400;;;;град.С;Т АВС после смесит.3;
42FC171;52AW00/42UKST:42FC171.PNT\hist00;;;;;;;;0;2012.885;;;;м3/ч;Расход ПГ в УКСТ;
42HCV171;52AW00/42UKST:42HCV171.PNT\hist00;;;;;;;;0;100;;;;%;"Упр. РК скорости вращения турб. ";
42PD171;52AW00/42UKST:42PD171.PNT\hist00;;;;;;;;0;2500;;;;кгс/м2;Перепад ПГ в УКСТ;
42T116;52AW00/42UKST:42T116.PNT\hist00;;;;;;;;-50;50;;;;град.С;Т ПГ в УКСТ;
42FC107;52AW00/42UKST:42FC107.PNT\hist00;;;;;;;;0;19649.47;;;;м3/ч;F воздуха  в УКСТ 1в;
42HCV107;52AW00/42UKST:42HCV107.PNT\hist00;;;;;;;;0;100;;;;%;Дист.Упр.Рег.Клап. возд. в КСТ 1в;
42G171;52AW00/42UKST:42G171.PNT\hist00;;;;;;;;0;100;;;;%;"Полож. РК скорости вращения турб. ";
42P187;52AW00/42UKST:42P187.PNT\hist00;;;;;;;;0;10;;;;кг/см2;"РПГ после РК  cкорости турб. ";
52F103;52AW00/52ABSOR:52F103.PNT\hist00;;;;;;;;0;15157,86;;;;м3/ч;F доб. Воздуха НГ и прод.кол.;
52F111_1;52AW00/52ABSOR:52F111_1.PNT\hist00;;;;;;;;0;1072.343;;;;м3/ч;F об. Воды (1) на абсорб.;
52F111_2;52AW00/52ABSOR:52F111_2.PNT\hist00;;;;;;;;0;820.001;;;;м3/ч;F об. Воды (2) на абсорб.;
52FC104;52AW00/52ABSOR:52FC104.PNT\hist00;;;;;;;;0;6289,59;;;;м3/ч;Рег.F воздуха в прод.Кол.12;
52FCV104;52AW00/52ABSOR:52FCV104.PNT\hist00;;;;;;;;0;100;;;;%;Рег.Клап.F воздуха в прод.Кол.12;
52FC110;52AW00/52ABSOR:52FC110.PNT\hist00;;;;;;;;0;10;;;;м3/ч;Рег.F КСП в абс.Колон.8;
52FCV110;52AW00/52ABSOR:52FCV110.PNT\hist00;;;;;;;;0;100;;;;%;Рег.Клап.F КСП в абс.Колон.8;
52F105;52AW00/52ABSOR:52F105.PNT\hist00;;;;;;;;0;25;;;;м3/ч;F кислоты с агрегата;
52Q105;52AW00/52ABSOR:52Q105.PNT\hist00;;;;;;;;50;60;;;;%;Q кислоты с агрегата;
52T108_4;52AW00/52ABSOR:52T108_4.PNT\hist00;;;;;;;;0;150;;;;град.С;Т кислоты за прод.Кол.12;
52LC105;52AW00/52ABSOR:52LC105.PNT\hist00;;;;;;;;430;830;;;;мм;Рег.L кислоты в прод.Кол.12;
52LCV105;52AW00/52ABSOR:52LCV105.PNT\hist00;;;;;;;;0;100;;;;%;Рег.Клап.L кислоты в прод.Кол.12;
52T108_1;52AW00/52ABSOR:52T108_1.PNT\hist00;;;;;;;;0;150;;;;град.С;Т НГ в абс.Колон.8;
52T108_2;52AW00/52ABSOR:52T108_2.PNT\hist00;;;;;;;;0;150;;;;град.С;Т кислоты в кубе абс.кол;
52T108_3;52AW00/52ABSOR:52T108_3.PNT\hist00;;;;;;;;0;150;;;;град.С;Т ХГ Вых.подогр.6;
52T108_5;52AW00/52ABSOR:52T108_5.PNT\hist00;;;;;;;;0;400;;;;град.С;Т НГ за подогр.1;
52T108_6;52AW00/52ABSOR:52T108_6.PNT\hist00;;;;;;;;0;150;;;;град.С;Т НГ за холод.7;
52F113;52AW00/52GTT:52F113.PNT\hist00;;;;;;;;0;1038.555;;;;м3/ч;F обор. воды на ГТТ;
52P181;52AW00/52GTT:52P181.PNT\hist00;;;;;;;;0;10;;;;кг/см2;Р воздуха за нагнет 1г;
52T173_1;52AW00/52GTT:52T173_1.PNT\hist00;;;;;;;;0;200;;;;град.С;Т воздуха за нагнет 1г;
52HCV170;52AW00/52GTT:52HCV170.PNT\hist00;;;;;;;;0;100;;;;%;Дист.Упр.Рег.Клап. возд.ГТТиТехн;
52SCS171_1;52AW00/52GTT:52SCS171_1.PNT\hist00;;;;;;;;0;6000;;;;об/мин;"Регулятор Скор. вращения турб. ";
52SCS171_2;52AW00/52GTT:52SCS171_2.PNT\hist00;;;;;;;;0;6000;;;;об/мин;"Регулятор Скор. вращения турб. ";
52SCS171_3;52AW00/52GTT:52SCS171_3.PNT\hist00;;;;;;;;0;6000;;;;об/мин;"Регулятор Скор. вращения турб. ";
52T170_3;52AW00/52GTT:52T170_3.PNT\hist00;;;;;;;;0;100;;;;град.С;Т Воды до маслоохлад.;
52T170_4;52AW00/52GTT:52T170_4.PNT\hist00;;;;;;;;0;100;;;;град.С;Т Воды за маслоохлад.;
52T170_5;52AW00/52GTT:52T170_5.PNT\hist00;;;;;;;;0;100;;;;град.С;Т Воды за воздухоохл.;
52T170_6;52AW00/52GTT:52T170_6.PNT\hist00;;;;;;;;0;100;;;;град.С;Т воздуха за ВоздОхл 1д;
52T173_2;52AW00/52GTT:52T173_2.PNT\hist00;;;;;;;;0;200;;;;град.С;Т воздуха из компр. 1а;
52P128;52AW00/52KONV:52P128.PNT\hist00;;;;;;;;0;10;;;;кг/см2;Р АВС после смесит.2;
52F102;52AW00/52KONV:52F102.PNT\hist00;;;;;;;;0;64162,19;;;;м3/ч;F возд (А) в смесит. 2;
52FC101;52AW00/52KONV:52FC101.PNT\hist00;;;;;;;;0;7973,28;;;;м3/ч;F ГА в смесит. 2;
52FFCV101;52AW00/52KONV:52FFCV101.PNT\hist00;;;;;;;;0;100;;;;%;"Клап.Соотн ГА/Возд ";
52FS101;52AW00/52KONV:52FS101.PNT\hist00;;;;;;;;0;7973,28;;;;м3/ч;F ГА Блок. в смесит. 2;
52FS102;52AW00/52KONV:52FS102.PNT\hist00;;;;;;;;0;64162,19;;;;м3/ч;F возд (В) Блок. в смесит. 2;
52G101;52AW00/52KONV:52G101.PNT\hist00;;;;;;;;0;100;;;;%;Клап.Соотн ГА/Возд положение;
52P101A;52AW00/52KONV:52P101A.PNT\hist00;;;;;;;;0;10;;;;кг/см2;"Р ГА в смеситель 2 ";
52P101B;52AW00/52KONV:52P101B.PNT\hist00;;;;;;;;0;10;;;;кг/см2;"Р ГА в смеситель 2 ";
52P127A;52AW00/52KONV:52P127A.PNT\hist00;;;;;;;;0;10;;;;кг/см2;Р возд (А) в смесит. 2;
52P127B;52AW00/52KONV:52P127B.PNT\hist00;;;;;;;;0;10;;;;кг/см2;Р возд (В) в смесит. 2;
52T101A;52AW00/52KONV:52T101A.PNT\hist00;;;;;;;;0;200;;;;град.С;"Т ГА в смеситель 2 ";
52T101B;52AW00/52KONV:52T101B.PNT\hist00;;;;;;;;0;200;;;;град.С;"Т ГА в смеситель 2 ";
52T127A;52AW00/52KONV:52T127A.PNT\hist00;;;;;;;;0;200;;;;град.С;Т возд (А) в смесит. 2;
52T127B;52AW00/52KONV:52T127B.PNT\hist00;;;;;;;;0;200;;;;град.С;Т возд (В) в смесит. 2;
52T103;52AW00/52KONV:52T103.PNT\hist00;;;;;;;;0;400;;;;град.С;Т НГ на Вых. КУН;
52TS102_1;52AW00/52KONV:52TS102_1.PNT\hist00;;;;;;;;0;1100;;;;град.С;Т под сетками конт. Апар.п.2;
52TS102_2;52AW00/52KONV:52TS102_2.PNT\hist00;;;;;;;;0;1100;;;;град.С;Т под сетками конт. Апар.п.2;
52TS102_3;52AW00/52KONV:52TS102_3.PNT\hist00;;;;;;;;0;1100;;;;град.С;Т под сетками конт. Апар.п.2;
52PS176;52AW00/52MASLO:52PS176.PNT\hist00;;;;;;;;0;10;;;;кг/см2;"Р напорного масла ";
52T170_1;52AW00/52MASLO:52T170_1.PNT\hist00;;;;;;;;0;100;;;;град.С;Т масла до маслоохлад.;
52T170_2;52AW00/52MASLO:52T170_2.PNT\hist00;;;;;;;;0;100;;;;град.С;Т масла за маслоохлад.;
52HCV101;52AW00/52NH3:52HCV101.PNT\hist00;;;;;;;;0;100;;;;%;Дист. упр. клап.ГА в завод. сеть;
52LC108;52AW00/52NH3:52LC108.PNT\hist00;;;;;;;;700;1100;;;;мм;Рег.L ЖА в испарит. 11;
52LCV108;52AW00/52NH3:52LCV108.PNT\hist00;;;;;;;;0;100;;;;%;Клап.рег.L ЖА в испарит. 11;
52PC110;52AW00/52NH3:52PC110.PNT\hist00;;;;;;;;0;20;;;;кг/см2;Рег.Р ГА подач.Пар за испарит. 11;
52PCV110;52AW00/52NH3:52PCV110.PNT\hist00;;;;;;;;0;100;;;;%;Клап.рег.Р ГА за испарит. 11;
52TC112;52AW00/52NH3:52TC112.PNT\hist00;;;;;;;;0;200;;;;град.С;Рег.Т ГА подач.Пар  в подогр.11г;
52TCV112;52AW00/52NH3:52TCV112.PNT\hist00;;;;;;;;0;100;;;;%;Клап.рег.Т ГА  в подогр.11г;
52TS112;52AW00/52NH3:52TS112.PNT\hist00;;;;;;;;0;200;;;;град.С;Авар.сигн.Т ГА  в подогр.11г;
52FC106;52AW00/52OXG:52FC106.PNT\hist00;;;;;;;;0;80;;;;м3/ч;Рег. F ГА  в РСО;
52FCV106;52AW00/52OXG:52FCV106.PNT\hist00;;;;;;;;0;100;;;;%;Рег.Клап. F ГА  в РСО;
52T109_2;52AW00/52OXG:52T109_2.PNT\hist00;;;;;;;;0;400;;;;град.С;"Т ХГ до РСО ";
52T109_4;52AW00/52OXG:52T109_4.PNT\hist00;;;;;;;;0;400;;;;град.С;"Т НГ за подог.ХГ ";
52T109_5;52AW00/52OXG:52T109_5.PNT\hist00;;;;;;;;0;400;;;;град.С;"Т ХГ после РСО ";
52T109_7;52AW00/52OXG:52T109_7.PNT\hist00;;;;;;;;0;400;;;;град.С;"Т ХГ в зоне реак. ";
52T109_8;52AW00/52OXG:52T109_8.PNT\hist00;;;;;;;;0;400;;;;град.С;"Т ХГ после окис. ";
52T109_9;52AW00/52OXG:52T109_9.PNT\hist00;;;;;;;;0;400;;;;град.С;"Т ХГ в зоне реак. ";
52PS182_1;52AW00/52PODSH_AO:52PS182_1.PNT\hist00;;;;;;;;0;6;;;;кг/см2;АварСигнОсевСдвига  РотораТурбины;
52PS182_2;52AW00/52PODSH_AO:52PS182_2.PNT\hist00;;;;;;;;0;6;;;;кг/см2;АварСигнОсевСдвига  РотораТурбины;
52PS183_1;52AW00/52PODSH_AO:52PS183_1.PNT\hist00;;;;;;;;0;6;;;;кг/см2;АварСигнОсевСдвига  РотораНагнет.;
52PS183_2;52AW00/52PODSH_AO:52PS183_2.PNT\hist00;;;;;;;;0;6;;;;кг/см2;АварСигнОсевСдвига  РотораНагнет.;
52TS177_1;52AW00/52PODSH_AO:52TS177_1.PNT\hist00;;;;;;;;0;100;;;;град.С;Т подшипника редуктора;
52TS177_2;52AW00/52PODSH_AO:52TS177_2.PNT\hist00;;;;;;;;0;100;;;;град.С;Т подшипника редуктора;
52TS177_3;52AW00/52PODSH_AO:52TS177_3.PNT\hist00;;;;;;;;0;100;;;;град.С;Т подшипника редуктора;
52TS177_4;52AW00/52PODSH_AO:52TS177_4.PNT\hist00;;;;;;;;0;100;;;;град.С;Т подшипника редуктора;
52TS177_5;52AW00/52PODSH_AO:52TS177_5.PNT\hist00;;;;;;;;0;100;;;;град.С;Т подшипника редуктора;
52TS177_6;52AW00/52PODSH_AO:52TS177_6.PNT\hist00;;;;;;;;0;100;;;;град.С;Т подшипника редуктора;
52TS177_7;52AW00/52PODSH_AO:52TS177_7.PNT\hist00;;;;;;;;0;100;;;;град.С;Т подшипника редуктора;
52TS177_8;52AW00/52PODSH_AO:52TS177_8.PNT\hist00;;;;;;;;0;100;;;;град.С;Т подшипника редуктора;
52TS178_1;52AW00/52PODSH_AO:52TS178_1.PNT\hist00;;;;;;;;0;100;;;;град.С;Т опор. Подшипника компрессора;
52TS178_2;52AW00/52PODSH_AO:52TS178_2.PNT\hist00;;;;;;;;0;100;;;;град.С;Т опор. Подшипника турбины;
52TS178_3;52AW00/52PODSH_AO:52TS178_3.PNT\hist00;;;;;;;;0;100;;;;град.С;Т упор. Подшипника турбины;
52TS178_4;52AW00/52PODSH_AO:52TS178_4.PNT\hist00;;;;;;;;0;100;;;;град.С;Т упор. Подшипника турбины;
52TS178_5;52AW00/52PODSH_AO:52TS178_5.PNT\hist00;;;;;;;;0;100;;;;град.С;Т перед. Подшип-ка нагнетателя;
52TS178_6;52AW00/52PODSH_AO:52TS178_6.PNT\hist00;;;;;;;;0;100;;;;град.С;Т упор. Подшипника нагнетателя;
52TS178_7;52AW00/52PODSH_AO:52TS178_7.PNT\hist00;;;;;;;;0;100;;;;град.С;Т задн. Подшипника нагнетателя;
52TS179_1;52AW00/52PODSH_AO:52TS179_1.PNT\hist00;;;;;;;;0;100;;;;град.С;Т подшипника РД;
52TS179_2;52AW00/52PODSH_AO:52TS179_2.PNT\hist00;;;;;;;;0;100;;;;град.С;Т подшипника РД;
52TS179_3;52AW00/52PODSH_AO:52TS179_3.PNT\hist00;;;;;;;;0;100;;;;град.С;Т обмотки статора РД;
52EA_RD;52AW00/52RD:52EA_RD.PNT\hist00;;;;;;;;-1500;1500;;;;квт;Мощность  РД;
52IA_RD;52AW00/52RD:52IA_RD.PNT\hist00;;;;;;;;0;150;;;;А;Ток статора  РД;
52P193;52AW00/52RD:52P193.PNT\hist00;;;;;;;;0;1000;;;;мм;"Положение экранов ЖРС ";
52T192;52AW00/52RD:52T192.PNT\hist00;;;;;;;;0;100;;;;град.С;Т электролита  ЖРС;
52F132;52AW00/52REKUP:52F132.PNT\hist00;;;;;;;;0;12,51258;;;;м3/ч;F пит. Воды в КУГ;
52F133;52AW00/52REKUP:52F133.PNT\hist00;;;;;;;;0;40,06589;;;;м3/ч;Fпит. Воды в КУН;
52T174;52AW00/52REKUP:52T174.PNT\hist00;;;;;;;;0;1100;;;;град.С;Т ОХГ  перед ГТТ;
52LC130;52AW00/52REKUP:52LC130.PNT\hist00;;;;;;;;-315;315;;;;мм;Рег.L пит. Воды в КУГ;
52LCV130;52AW00/52REKUP:52LCV130.PNT\hist00;;;;;;;;0;100;;;;%;Рег.Клап.L  в КУГ;
52LC131;52AW00/52REKUP:52LC131.PNT\hist00;;;;;;;;-315;315;;;;мм;Рег.L пит. Воды в КУН;
52LCV131;52AW00/52REKUP:52LCV131.PNT\hist00;;;;;;;;0;100;;;;%;Рег.Клап.L  в КУН;
52P135;52AW00/52REKUP:52P135.PNT\hist00;;;;;;;;0;20;;;;кг/см2;Р перег. пара из КУН;
52P136;52AW00/52REKUP:52P136.PNT\hist00;;;;;;;;0;20;;;;кг/см2;Р перег. пара из КУГ;
52PD170;52AW00/52REKUP:52PD170.PNT\hist00;;;;;;;;0;2,5;;;;кг/см2;Пер.Р Возд./ХГ Нагн.1г/ГТТ;
52T101_4;52AW00/52REKUP:52T101_4.PNT\hist00;;;;;;;;0;400;;;;град.С;Т перег. пара из КУН;
52T101_5;52AW00/52REKUP:52T101_5.PNT\hist00;;;;;;;;0;400;;;;град.С;Т ХГ после КУГ;
52T101_6;52AW00/52REKUP:52T101_6.PNT\hist00;;;;;;;;0;400;;;;град.С;Т перег. пара из КУГ;
52T114_1;52AW00/52REKUP:52T114_1.PNT\hist00;;;;;;;;0;400;;;;град.С;Т метал.газ.камер КУН;
52T114_2;52AW00/52REKUP:52T114_2.PNT\hist00;;;;;;;;0;400;;;;град.С;Т метал.газ.камер КУН;
52T114_3;52AW00/52REKUP:52T114_3.PNT\hist00;;;;;;;;0;400;;;;град.С;Т метал.газ.камер КУН;
52T114_4;52AW00/52REKUP:52T114_4.PNT\hist00;;;;;;;;0;400;;;;град.С;Т метал.газ.камер КУН;
52T114_5;52AW00/52REKUP:52T114_5.PNT\hist00;;;;;;;;0;400;;;;град.С;Т метал.газ.камер КУН;
52T114_6;52AW00/52REKUP:52T114_6.PNT\hist00;;;;;;;;0;400;;;;град.С;Т метал.газ.камер КУН;
52T173_4;52AW00/52REKUP:52T173_4.PNT\hist00;;;;;;;;0;600;;;;град.С;Т газов  после ГТТ;
52T183;52AW00/52REKUP:52T183.PNT\hist00;;;;;;;;0;1100;;;;град.С;Т газов из УКСТ 1в;
52PS178;52AW00/52SBS_AO:52PS178.PNT\hist00;;;;;;;;0;16;;;;кг/см2;Р ПГ  до Стоп. Отсек.;
52PS179;52AW00/52SBS_AO:52PS179.PNT\hist00;;;;;;;;0;1,6;;;;кг/см2;Р масла смазки в ГТТ-3М;
52PS180;52AW00/52SBS_AO:52PS180.PNT\hist00;;;;;;;;0;3;;;;кг/см2;Р воздуха из компр. 1а;
52TS174;52AW00/52SBS_AOK:52TS174.PNT\hist00;;;;;;;;0;1100;;;;град.С;Т ОХГ Блок. перед ГТТ;
52LS131;52AW00/52SBS_AOK:52LS131.PNT\hist00;;;;;;;;-315;315;;;;мм;Авар.L пит. Воды в КУН;
52TS101;52AW00/52SBS_AOK:52TS101.PNT\hist00;;;;;;;;0;400;;;;град.С;Т АВС после смесит.3;
52FC171;52AW00/52UKST:52FC171.PNT\hist00;;;;;;;;0;2000;;;;м3/ч;Расход ПГ в УКСТ;
52HCV171;52AW00/52UKST:52HCV171.PNT\hist00;;;;;;;;0;100;;;;%;"Упр. РК скорости вращения турб. ";
52PD171;52AW00/52UKST:52PD171.PNT\hist00;;;;;;;;0;2500;;;;кгс/м2;Перепад ПГ в УКСТ;
52T116;52AW00/52UKST:52T116.PNT\hist00;;;;;;;;-50;50;;;;град.С;Т ПГ в УКСТ;
52FC107;52AW00/52UKST:52FC107.PNT\hist00;;;;;;;;0;16000;;;;м3/ч;F воздуха  в УКСТ 1в;
52HCV107;52AW00/52UKST:52HCV107.PNT\hist00;;;;;;;;0;100;;;;%;Дист.Упр.Рег.Клап. возд. в КСТ 1в;
52G171;52AW00/52UKST:52G171.PNT\hist00;;;;;;;;0;100;;;;%;"Полож. РК скорости вращения турб. ";
52P187;52AW00/52UKST:52P187.PNT\hist00;;;;;;;;0;10;;;;кг/см2;"РПГ после РК  cкорости турб. ";
62F103;52AW00/62ABSOR:62F103.PNT\hist00;;;;;;;;0;14909.43;;;;м3/ч;F доб. Воздуха НГ и прод.кол.;
62F111_1;52AW00/62ABSOR:62F111_1.PNT\hist00;;;;;;;;0;1072.343;;;;м3/ч;F об. Воды (1) на абсорб.;
62F111_2;52AW00/62ABSOR:62F111_2.PNT\hist00;;;;;;;;0;820.001;;;;м3/ч;F об. Воды (2) на абсорб.;
62FC104;52AW00/62ABSOR:62FC104.PNT\hist00;;;;;;;;0;6175.026;;;;м3/ч;Рег.F воздуха в прод.Кол.12;
62FCV104;52AW00/62ABSOR:62FCV104.PNT\hist00;;;;;;;;0;100;;;;%;Рег.Клап.F воздуха в прод.Кол.12;
62FC110;52AW00/62ABSOR:62FC110.PNT\hist00;;;;;;;;0;9.977237;;;;м3/ч;Рег.F КСП в абс.Колон.8;
62FCV110;52AW00/62ABSOR:62FCV110.PNT\hist00;;;;;;;;0;100;;;;%;Рег.Клап.F КСП в абс.Колон.8;
62F105;52AW00/62ABSOR:62F105.PNT\hist00;;;;;;;;0;25;;;;м3/ч;F кислоты с агрегата;
62Q105;52AW00/62ABSOR:62Q105.PNT\hist00;;;;;;;;50;60;;;;%;Q кислоты с агрегата;
62T108_4;52AW00/62ABSOR:62T108_4.PNT\hist00;;;;;;;;0;150;;;;град.С;Т кислоты за прод.Кол.12;
62LC105;52AW00/62ABSOR:62LC105.PNT\hist00;;;;;;;;430;830;;;;мм;Рег.L кислоты в прод.Кол.12;
62LCV105;52AW00/62ABSOR:62LCV105.PNT\hist00;;;;;;;;0;100;;;;%;Рег.Клап.L кислоты в прод.Кол.12;
62T108_1;52AW00/62ABSOR:62T108_1.PNT\hist00;;;;;;;;0;150;;;;град.С;Т НГ в абс.Колон.8;
62T108_2;52AW00/62ABSOR:62T108_2.PNT\hist00;;;;;;;;0;150;;;;град.С;Т кислоты в кубе абс.кол;
62T108_3;52AW00/62ABSOR:62T108_3.PNT\hist00;;;;;;;;0;150;;;;град.С;Т ХГ Вых.подогр.6;
62T108_5;52AW00/62ABSOR:62T108_5.PNT\hist00;;;;;;;;0;400;;;;град.С;Т НГ за подогр.1;
62T108_6;52AW00/62ABSOR:62T108_6.PNT\hist00;;;;;;;;0;150;;;;град.С;Т НГ за холод.7;
62F113;52AW00/62GTT:62F113.PNT\hist00;;;;;;;;0;1038.555;;;;м3/ч;F обор. воды на ГТТ;
62P181;52AW00/62GTT:62P181.PNT\hist00;;;;;;;;0;10;;;;кг/см2;Р воздуха за нагнет 1г;
62T173_1;52AW00/62GTT:62T173_1.PNT\hist00;;;;;;;;0;200;;;;град.С;Т воздуха за нагнет 1г;
62HCV170;52AW00/62GTT:62HCV170.PNT\hist00;;;;;;;;0;100;;;;%;Дист.Упр.Рег.Клап. возд.ГТТиТехн;
62SCS171_1;52AW00/62GTT:62SCS171_1.PNT\hist00;;;;;;;;0;6000;;;;об/мин;"Регулятор Скор. вращения турб. ";
62SCS171_2;52AW00/62GTT:62SCS171_2.PNT\hist00;;;;;;;;0;6000;;;;об/мин;"Регулятор Скор. вращения турб. ";
62SCS171_3;52AW00/62GTT:62SCS171_3.PNT\hist00;;;;;;;;0;6000;;;;об/мин;"Регулятор Скор. вращения турб. ";
62T170_3;52AW00/62GTT:62T170_3.PNT\hist00;;;;;;;;0;100;;;;град.С;Т Воды до маслоохлад.;
62T170_4;52AW00/62GTT:62T170_4.PNT\hist00;;;;;;;;0;100;;;;град.С;Т Воды за маслоохлад.;
62T170_5;52AW00/62GTT:62T170_5.PNT\hist00;;;;;;;;0;100;;;;град.С;Т Воды за воздухоохл.;
62T170_6;52AW00/62GTT:62T170_6.PNT\hist00;;;;;;;;0;100;;;;град.С;Т воздуха за ВоздОхл 1д;
62T173_2;52AW00/62GTT:62T173_2.PNT\hist00;;;;;;;;0;200;;;;град.С;Т воздуха из компр. 1а;
62P128;52AW00/62KONV:62P128.PNT\hist00;;;;;;;;0;10;;;;кг/см2;Р АВС после смесит.2;
62F102;52AW00/62KONV:62F102.PNT\hist00;;;;;;;;0;62466.89;;;;м3/ч;F возд (А) в смесит. 2;
62FC101;52AW00/62KONV:62FC101.PNT\hist00;;;;;;;;0;7805.845;;;;м3/ч;F ГА в смесит. 2;
62FFCV101;52AW00/62KONV:62FFCV101.PNT\hist00;;;;;;;;0;100;;;;%;"Клап.Соотн ГА/Возд ";
62FS101;52AW00/62KONV:62FS101.PNT\hist00;;;;;;;;0;7805.845;;;;м3/ч;F ГА Блок. в смесит. 2;
62FS102;52AW00/62KONV:62FS102.PNT\hist00;;;;;;;;0;62466.89;;;;м3/ч;F возд (В) Блок. в смесит. 2;
62G101;52AW00/62KONV:62G101.PNT\hist00;;;;;;;;0;100;;;;%;Клап.Соотн ГА/Возд положение;
62P101A;52AW00/62KONV:62P101A.PNT\hist00;;;;;;;;0;10;;;;кг/см2;"Р ГА в смеситель 2 ";
62P101B;52AW00/62KONV:62P101B.PNT\hist00;;;;;;;;0;10;;;;кг/см2;"Р ГА в смеситель 2 ";
62P127A;52AW00/62KONV:62P127A.PNT\hist00;;;;;;;;0;10;;;;кг/см2;Р возд (А) в смесит. 2;
62P127B;52AW00/62KONV:62P127B.PNT\hist00;;;;;;;;0;10;;;;кг/см2;Р возд (В) в смесит. 2;
62T101A;52AW00/62KONV:62T101A.PNT\hist00;;;;;;;;0;200;;;;град.С;"Т ГА в смеситель 2 ";
62T101B;52AW00/62KONV:62T101B.PNT\hist00;;;;;;;;0;200;;;;град.С;"Т ГА в смеситель 2 ";
62T127A;52AW00/62KONV:62T127A.PNT\hist00;;;;;;;;0;200;;;;град.С;Т возд (А) в смесит. 2;
62T127B;52AW00/62KONV:62T127B.PNT\hist00;;;;;;;;0;200;;;;град.С;Т возд (В) в смесит. 2;
62T103;52AW00/62KONV:62T103.PNT\hist00;;;;;;;;0;400;;;;град.С;Т НГ на Вых. КУН;
62TS102_1;52AW00/62KONV:62TS102_1.PNT\hist00;;;;;;;;0;1100;;;;град.С;Т под сетками конт. Апар.п.2;
62TS102_2;52AW00/62KONV:62TS102_2.PNT\hist00;;;;;;;;0;1100;;;;град.С;Т под сетками конт. Апар.п.2;
62TS102_3;52AW00/62KONV:62TS102_3.PNT\hist00;;;;;;;;0;1100;;;;град.С;Т под сетками конт. Апар.п.2;
62PS176;52AW00/62MASLO:62PS176.PNT\hist00;;;;;;;;0;10;;;;кг/см2;"Р напорного масла ";
62T170_1;52AW00/62MASLO:62T170_1.PNT\hist00;;;;;;;;0;100;;;;град.С;Т масла до маслоохлад.;
62T170_2;52AW00/62MASLO:62T170_2.PNT\hist00;;;;;;;;0;100;;;;град.С;Т масла за маслоохлад.;
62HCV101;52AW00/62NH3:62HCV101.PNT\hist00;;;;;;;;0;100;;;;%;Дист. упр. клап.ГА в завод. сеть;
62LC108;52AW00/62NH3:62LC108.PNT\hist00;;;;;;;;700;1100;;;;мм;Рег.L ЖА в испарит. 11;
62LCV108;52AW00/62NH3:62LCV108.PNT\hist00;;;;;;;;0;100;;;;%;Клап.рег.L ЖА в испарит. 11;
62PC110;52AW00/62NH3:62PC110.PNT\hist00;;;;;;;;0;20;;;;кг/см2;Рег.Р ГА подач.Пар за испарит. 11;
62PCV110;52AW00/62NH3:62PCV110.PNT\hist00;;;;;;;;0;100;;;;%;Клап.рег.Р ГА за испарит. 11;
62TC112;52AW00/62NH3:62TC112.PNT\hist00;;;;;;;;0;200;;;;град.С;Рег.Т ГА подач.Пар  в подогр.11г;
62TCV112;52AW00/62NH3:62TCV112.PNT\hist00;;;;;;;;0;100;;;;%;Клап.рег.Т ГА  в подогр.11г;
62TS112;52AW00/62NH3:62TS112.PNT\hist00;;;;;;;;0;200;;;;град.С;Авар.сигн.Т ГА  в подогр.11г;
62FC106;52AW00/62OXG:62FC106.PNT\hist00;;;;;;;;0;84.05596;;;;м3/ч;Рег. F ГА  в РСО;
62FCV106;52AW00/62OXG:62FCV106.PNT\hist00;;;;;;;;0;100;;;;%;Рег.Клап. F ГА  в РСО;
62T109_2;52AW00/62OXG:62T109_2.PNT\hist00;;;;;;;;0;400;;;;град.С;"Т ХГ до РСО ";
62T109_4;52AW00/62OXG:62T109_4.PNT\hist00;;;;;;;;0;400;;;;град.С;"Т НГ за подог.ХГ ";
62T109_5;52AW00/62OXG:62T109_5.PNT\hist00;;;;;;;;0;400;;;;град.С;"Т ХГ после РСО ";
62T109_7;52AW00/62OXG:62T109_7.PNT\hist00;;;;;;;;0;400;;;;град.С;"Т ХГ в зоне реак. ";
62T109_8;52AW00/62OXG:62T109_8.PNT\hist00;;;;;;;;0;400;;;;град.С;"Т ХГ после окис. ";
62T109_9;52AW00/62OXG:62T109_9.PNT\hist00;;;;;;;;0;400;;;;град.С;"Т ХГ в зоне реак. ";
62PS182_1;52AW00/62PODSH_AO:62PS182_1.PNT\hist00;;;;;;;;0;6;;;;кг/см2;АварСигнОсевСдвига  РотораТурбины;
62PS182_2;52AW00/62PODSH_AO:62PS182_2.PNT\hist00;;;;;;;;0;6;;;;кг/см2;АварСигнОсевСдвига  РотораТурбины;
62PS183_1;52AW00/62PODSH_AO:62PS183_1.PNT\hist00;;;;;;;;0;6;;;;кг/см2;АварСигнОсевСдвига  РотораНагнет.;
62PS183_2;52AW00/62PODSH_AO:62PS183_2.PNT\hist00;;;;;;;;0;6;;;;кг/см2;АварСигнОсевСдвига  РотораНагнет.;
62TS177_1;52AW00/62PODSH_AO:62TS177_1.PNT\hist00;;;;;;;;0;100;;;;град.С;Т подшипника редуктора;
62TS177_2;52AW00/62PODSH_AO:62TS177_2.PNT\hist00;;;;;;;;0;100;;;;град.С;Т подшипника редуктора;
62TS177_3;52AW00/62PODSH_AO:62TS177_3.PNT\hist00;;;;;;;;0;100;;;;град.С;Т подшипника редуктора;
62TS177_4;52AW00/62PODSH_AO:62TS177_4.PNT\hist00;;;;;;;;0;100;;;;град.С;Т подшипника редуктора;
62TS177_5;52AW00/62PODSH_AO:62TS177_5.PNT\hist00;;;;;;;;0;100;;;;град.С;Т подшипника редуктора;
62TS177_6;52AW00/62PODSH_AO:62TS177_6.PNT\hist00;;;;;;;;0;100;;;;град.С;Т подшипника редуктора;
62TS177_7;52AW00/62PODSH_AO:62TS177_7.PNT\hist00;;;;;;;;0;100;;;;град.С;Т подшипника редуктора;
62TS177_8;52AW00/62PODSH_AO:62TS177_8.PNT\hist00;;;;;;;;0;100;;;;град.С;Т подшипника редуктора;
62TS178_1;52AW00/62PODSH_AO:62TS178_1.PNT\hist00;;;;;;;;0;100;;;;град.С;Т опор. Подшипника компрессора;
62TS178_2;52AW00/62PODSH_AO:62TS178_2.PNT\hist00;;;;;;;;0;100;;;;град.С;Т опор. Подшипника турбины;
62TS178_3;52AW00/62PODSH_AO:62TS178_3.PNT\hist00;;;;;;;;0;100;;;;град.С;Т упор. Подшипника турбины;
62TS178_4;52AW00/62PODSH_AO:62TS178_4.PNT\hist00;;;;;;;;0;100;;;;град.С;Т упор. Подшипника турбины;
62TS178_5;52AW00/62PODSH_AO:62TS178_5.PNT\hist00;;;;;;;;0;100;;;;град.С;Т перед. Подшип-ка нагнетателя;
62TS178_6;52AW00/62PODSH_AO:62TS178_6.PNT\hist00;;;;;;;;0;100;;;;град.С;Т упор. Подшипника нагнетателя;
62TS178_7;52AW00/62PODSH_AO:62TS178_7.PNT\hist00;;;;;;;;0;100;;;;град.С;Т задн. Подшипника нагнетателя;
62TS179_1;52AW00/62PODSH_AO:62TS179_1.PNT\hist00;;;;;;;;0;100;;;;град.С;Т подшипника РД;
62TS179_2;52AW00/62PODSH_AO:62TS179_2.PNT\hist00;;;;;;;;0;100;;;;град.С;Т подшипника РД;
62TS179_3;52AW00/62PODSH_AO:62TS179_3.PNT\hist00;;;;;;;;0;100;;;;град.С;Т обмотки статора РД;
62EA_RD;52AW00/62RD:62EA_RD.PNT\hist00;;;;;;;;-1500;1500;;;;квт;Мощность  РД;
62IA_RD;52AW00/62RD:62IA_RD.PNT\hist00;;;;;;;;0;150;;;;А;Ток статора  РД;
62P193;52AW00/62RD:62P193.PNT\hist00;;;;;;;;0;1000;;;;мм;"Положение экранов ЖРС ";
62T192;52AW00/62RD:62T192.PNT\hist00;;;;;;;;0;100;;;;град.С;Т электролита  ЖРС;
62F132;52AW00/62REKUP:62F132.PNT\hist00;;;;;;;;0;12.49204;;;;м3/ч;F пит. Воды в КУГ;
62F133;52AW00/62REKUP:62F133.PNT\hist00;;;;;;;;0;39.56160;;;;м3/ч;Fпит. Воды в КУН;
62T174;52AW00/62REKUP:62T174.PNT\hist00;;;;;;;;0;1100;;;;град.С;Т ОХГ  перед ГТТ;
62LC130;52AW00/62REKUP:62LC130.PNT\hist00;;;;;;;;-315;315;;;;мм;Рег.L пит. Воды в КУГ;
62LCV130;52AW00/62REKUP:62LCV130.PNT\hist00;;;;;;;;0;100;;;;%;Рег.Клап.L  в КУГ;
62LC131;52AW00/62REKUP:62LC131.PNT\hist00;;;;;;;;-315;315;;;;мм;Рег.L пит. Воды в КУН;
62LCV131;52AW00/62REKUP:62LCV131.PNT\hist00;;;;;;;;0;100;;;;%;Рег.Клап.L  в КУН;
62P135;52AW00/62REKUP:62P135.PNT\hist00;;;;;;;;0;20;;;;кг/см2;Р перег. пара из КУН;
62P136;52AW00/62REKUP:62P136.PNT\hist00;;;;;;;;0;20;;;;кг/см2;Р перег. пара из КУГ;
62PD170;52AW00/62REKUP:62PD170.PNT\hist00;;;;;;;;0;2,5;;;;кг/см2;Пер.Р Возд./ХГ Нагн.1г/ГТТ;
62T101_4;52AW00/62REKUP:62T101_4.PNT\hist00;;;;;;;;0;400;;;;град.С;Т перег. пара из КУН;
62T101_5;52AW00/62REKUP:62T101_5.PNT\hist00;;;;;;;;0;400;;;;град.С;Т ХГ после КУГ;
62T101_6;52AW00/62REKUP:62T101_6.PNT\hist00;;;;;;;;0;400;;;;град.С;Т перег. пара из КУГ;
62T114_1;52AW00/62REKUP:62T114_1.PNT\hist00;;;;;;;;0;400;;;;град.С;Т метал.газ.камер КУН;
62T114_2;52AW00/62REKUP:62T114_2.PNT\hist00;;;;;;;;0;400;;;;град.С;Т метал.газ.камер КУН;
62T114_3;52AW00/62REKUP:62T114_3.PNT\hist00;;;;;;;;0;400;;;;град.С;Т метал.газ.камер КУН;
62T114_4;52AW00/62REKUP:62T114_4.PNT\hist00;;;;;;;;0;400;;;;град.С;Т метал.газ.камер КУН;
62T114_5;52AW00/62REKUP:62T114_5.PNT\hist00;;;;;;;;0;400;;;;град.С;Т метал.газ.камер КУН;
62T114_6;52AW00/62REKUP:62T114_6.PNT\hist00;;;;;;;;0;400;;;;град.С;Т метал.газ.камер КУН;
62T173_4;52AW00/62REKUP:62T173_4.PNT\hist00;;;;;;;;0;600;;;;град.С;Т газов  после ГТТ;
62T183;52AW00/62REKUP:62T183.PNT\hist00;;;;;;;;0;1100;;;;град.С;Т газов из УКСТ 1в;
62PS178;52AW00/62SBS_AO:62PS178.PNT\hist00;;;;;;;;0;16;;;;кг/см2;Р ПГ  до Стоп. Отсек.;
62PS179;52AW00/62SBS_AO:62PS179.PNT\hist00;;;;;;;;0;1,6;;;;кг/см2;Р масла смазки в ГТТ-3М;
62PS180;52AW00/62SBS_AO:62PS180.PNT\hist00;;;;;;;;0;3;;;;кг/см2;Р воздуха из компр. 1а;
62TS174;52AW00/62SBS_AOK:62TS174.PNT\hist00;;;;;;;;0;1100;;;;град.С;Т ОХГ Блок. перед ГТТ;
62LS131;52AW00/62SBS_AOK:62LS131.PNT\hist00;;;;;;;;-315;315;;;;мм;Авар.L пит. Воды в КУН;
62TS101;52AW00/62SBS_AOK:62TS101.PNT\hist00;;;;;;;;0;400;;;;град.С;Т АВС после смесит.3;
62FC171;52AW00/62UKST:62FC171.PNT\hist00;;;;;;;;0;2012.785;;;;м3/ч;Расход ПГ в УКСТ;
62HCV171;52AW00/62UKST:62HCV171.PNT\hist00;;;;;;;;0;100;;;;%;"Упр. РК скорости вращения турб. ";
62PD171;52AW00/62UKST:62PD171.PNT\hist00;;;;;;;;0;2500;;;;кгс/м2;Перепад ПГ в УКСТ;
62T116;52AW00/62UKST:62T116.PNT\hist00;;;;;;;;-50;50;;;;град.С;Т ПГ в УКСТ;
62FC107;52AW00/62UKST:62FC107.PNT\hist00;;;;;;;;0;19649.47;;;;м3/ч;F воздуха  в УКСТ 1в;
62HCV107;52AW00/62UKST:62HCV107.PNT\hist00;;;;;;;;0;100;;;;%;Дист.Упр.Рег.Клап. возд. в КСТ 1в;
62G171;52AW00/62UKST:62G171.PNT\hist00;;;;;;;;0;100;;;;%;"Полож. РК скорости вращения турб. ";
62P187;52AW00/62UKST:62P187.PNT\hist00;;;;;;;;0;10;;;;кг/см2;"РПГ после РК  cкорости турб. ";
72F103;52AW00/72ABSOR:72F103.PNT\hist00;;;;;;;;0;12401.21;;;;м3/ч;F доб. Воздуха НГ и прод.кол.;
72F111_1;52AW00/72ABSOR:72F111_1.PNT\hist00;;;;;;;;0;1072.343;;;;м3/ч;F об. Воды (1) на абсорб.;
72F111_2;52AW00/72ABSOR:72F111_2.PNT\hist00;;;;;;;;0;820.001;;;;м3/ч;F об. Воды (2) на абсорб.;
72FC104;52AW00/72ABSOR:72FC104.PNT\hist00;;;;;;;;0;12003.75;;;;м3/ч;Рег.F воздуха в прод.Кол.12;
72FCV104;52AW00/72ABSOR:72FCV104.PNT\hist00;;;;;;;;0;100;;;;%;Рег.Клап.F воздуха в прод.Кол.12;
72FC110;52AW00/72ABSOR:72FC110.PNT\hist00;;;;;;;;0;6.318107;;;;м3/ч;Рег.F КСП в абс.Колон.8;
72FCV110;52AW00/72ABSOR:72FCV110.PNT\hist00;;;;;;;;0;100;;;;%;Рег.Клап.F КСП в абс.Колон.8;
72F105;52AW00/72ABSOR:72F105.PNT\hist00;;;;;;;;0;25;;;;м3/ч;F кислоты с агрегата;
72Q105;52AW00/72ABSOR:72Q105.PNT\hist00;;;;;;;;50;60;;;;%;Q кислоты с агрегата;
72T108_4;52AW00/72ABSOR:72T108_4.PNT\hist00;;;;;;;;0;150;;;;град.С;Т кислоты за прод.Кол.12;
72LC105;52AW00/72ABSOR:72LC105.PNT\hist00;;;;;;;;430;830;;;;мм;Рег.L кислоты в прод.Кол.12;
72LCV105;52AW00/72ABSOR:72LCV105.PNT\hist00;;;;;;;;0;100;;;;%;Рег.Клап.L кислоты в прод.Кол.12;
72T108_1;52AW00/72ABSOR:72T108_1.PNT\hist00;;;;;;;;0;150;;;;град.С;Т НГ в абс.Колон.8;
72T108_2;52AW00/72ABSOR:72T108_2.PNT\hist00;;;;;;;;0;150;;;;град.С;Т кислоты в кубе абс.кол;
72T108_3;52AW00/72ABSOR:72T108_3.PNT\hist00;;;;;;;;0;150;;;;град.С;Т ХГ Вых.подогр.6;
72T108_5;52AW00/72ABSOR:72T108_5.PNT\hist00;;;;;;;;0;400;;;;град.С;Т НГ за подогр.1;
72T108_6;52AW00/72ABSOR:72T108_6.PNT\hist00;;;;;;;;0;150;;;;град.С;Т НГ за холод.7;
72F113;52AW00/72GTT:72F113.PNT\hist00;;;;;;;;0;1038.555;;;;м3/ч;F обор. воды на ГТТ;
72P181;52AW00/72GTT:72P181.PNT\hist00;;;;;;;;0;10;;;;кг/см2;Р воздуха за нагнет 1г;
72T173_1;52AW00/72GTT:72T173_1.PNT\hist00;;;;;;;;0;200;;;;град.С;Т воздуха за нагнет 1г;
72HCV170;52AW00/72GTT:72HCV170.PNT\hist00;;;;;;;;0;100;;;;%;Дист.Упр.Рег.Клап. возд.ГТТиТехн;
72SCS171_1;52AW00/72GTT:72SCS171_1.PNT\hist00;;;;;;;;0;6000;;;;об/мин;"Регулятор Скор. вращения турб. ";
72SCS171_2;52AW00/72GTT:72SCS171_2.PNT\hist00;;;;;;;;0;6000;;;;об/мин;"Регулятор Скор. вращения турб. ";
72SCS171_3;52AW00/72GTT:72SCS171_3.PNT\hist00;;;;;;;;0;6000;;;;об/мин;"Регулятор Скор. вращения турб. ";
72T170_3;52AW00/72GTT:72T170_3.PNT\hist00;;;;;;;;0;100;;;;град.С;Т Воды до маслоохлад.;
72T170_4;52AW00/72GTT:72T170_4.PNT\hist00;;;;;;;;0;100;;;;град.С;Т Воды за маслоохлад.;
72T170_5;52AW00/72GTT:72T170_5.PNT\hist00;;;;;;;;0;100;;;;град.С;Т Воды за воздухоохл.;
72T170_6;52AW00/72GTT:72T170_6.PNT\hist00;;;;;;;;0;100;;;;град.С;Т воздуха за ВоздОхл 1д;
72T173_2;52AW00/72GTT:72T173_2.PNT\hist00;;;;;;;;0;200;;;;град.С;Т воздуха из компр. 1а;
72P128;52AW00/72KONV:72P128.PNT\hist00;;;;;;;;0;10;;;;кг/см2;Р АВС после смесит.2;
72F102;52AW00/72KONV:72F102.PNT\hist00;;;;;;;;0;61326.70;;;;м3/ч;F возд (А) в смесит. 2;
72FC101;52AW00/72KONV:72FC101.PNT\hist00;;;;;;;;0;7809.085;;;;м3/ч;F ГА в смесит. 2;
72FFCV101;52AW00/72KONV:72FFCV101.PNT\hist00;;;;;;;;0;100;;;;%;"Клап.Соотн ГА/Возд ";
72FS101;52AW00/72KONV:72FS101.PNT\hist00;;;;;;;;0;7809.085;;;;м3/ч;F ГА Блок. в смесит. 2;
72FS102;52AW00/72KONV:72FS102.PNT\hist00;;;;;;;;0;61326.70;;;;м3/ч;F возд (В) Блок. в смесит. 2;
72G101;52AW00/72KONV:72G101.PNT\hist00;;;;;;;;0;100;;;;%;Клап.Соотн ГА/Возд положение;
72P101A;52AW00/72KONV:72P101A.PNT\hist00;;;;;;;;0;10;;;;кг/см2;"Р ГА в смеситель 2 ";
72P101B;52AW00/72KONV:72P101B.PNT\hist00;;;;;;;;0;10;;;;кг/см2;"Р ГА в смеситель 2 ";
72P127A;52AW00/72KONV:72P127A.PNT\hist00;;;;;;;;0;10;;;;кг/см2;Р возд (А) в смесит. 2;
72P127B;52AW00/72KONV:72P127B.PNT\hist00;;;;;;;;0;10;;;;кг/см2;Р возд (В) в смесит. 2;
72T101A;52AW00/72KONV:72T101A.PNT\hist00;;;;;;;;0;200;;;;град.С;"Т ГА в смеситель 2 ";
72T101B;52AW00/72KONV:72T101B.PNT\hist00;;;;;;;;0;200;;;;град.С;"Т ГА в смеситель 2 ";
72T127A;52AW00/72KONV:72T127A.PNT\hist00;;;;;;;;0;200;;;;град.С;Т возд (А) в смесит. 2;
72T127B;52AW00/72KONV:72T127B.PNT\hist00;;;;;;;;0;200;;;;град.С;Т возд (В) в смесит. 2;
72T103;52AW00/72KONV:72T103.PNT\hist00;;;;;;;;0;400;;;;град.С;Т НГ на Вых. КУН;
72TS102_1;52AW00/72KONV:72TS102_1.PNT\hist00;;;;;;;;0;1100;;;;град.С;Т под сетками конт. Апар.п.2;
72TS102_2;52AW00/72KONV:72TS102_2.PNT\hist00;;;;;;;;0;1100;;;;град.С;Т под сетками конт. Апар.п.2;
72TS102_3;52AW00/72KONV:72TS102_3.PNT\hist00;;;;;;;;0;1100;;;;град.С;Т под сетками конт. Апар.п.2;
72PS176;52AW00/72MASLO:72PS176.PNT\hist00;;;;;;;;0;10;;;;кг/см2;"Р напорного масла ";
72T170_1;52AW00/72MASLO:72T170_1.PNT\hist00;;;;;;;;0;100;;;;град.С;Т масла до маслоохлад.;
72T170_2;52AW00/72MASLO:72T170_2.PNT\hist00;;;;;;;;0;100;;;;град.С;Т масла за маслоохлад.;
72HCV101;52AW00/72NH3:72HCV101.PNT\hist00;;;;;;;;0;100;;;;%;Дист. упр. клап.ГА в завод. сеть;
72LC108;52AW00/72NH3:72LC108.PNT\hist00;;;;;;;;700;1100;;;;мм;Рег.L ЖА в испарит. 11;
72LCV108;52AW00/72NH3:72LCV108.PNT\hist00;;;;;;;;0;100;;;;%;Клап.рег.L ЖА в испарит. 11;
72PC110;52AW00/72NH3:72PC110.PNT\hist00;;;;;;;;0;20;;;;кг/см2;Рег.Р ГА подач.Пар за испарит. 11;
72PCV110;52AW00/72NH3:72PCV110.PNT\hist00;;;;;;;;0;100;;;;%;Клап.рег.Р ГА за испарит. 11;
72TC112;52AW00/72NH3:72TC112.PNT\hist00;;;;;;;;0;200;;;;град.С;Рег.Т ГА подач.Пар  в подогр.11г;
72TCV112;52AW00/72NH3:72TCV112.PNT\hist00;;;;;;;;0;100;;;;%;Клап.рег.Т ГА  в подогр.11г;
72TS112;52AW00/72NH3:72TS112.PNT\hist00;;;;;;;;0;200;;;;град.С;Авар.сигн.Т ГА  в подогр.11г;
72FC106;52AW00/72OXG:72FC106.PNT\hist00;;;;;;;;0;82.84319;;;;м3/ч;Рег. F ГА  в РСО;
72FCV106;52AW00/72OXG:72FCV106.PNT\hist00;;;;;;;;0;100;;;;%;Рег.Клап. F ГА  в РСО;
72T109_2;52AW00/72OXG:72T109_2.PNT\hist00;;;;;;;;0;400;;;;град.С;"Т ХГ до РСО ";
72T109_4;52AW00/72OXG:72T109_4.PNT\hist00;;;;;;;;0;400;;;;град.С;"Т НГ за подог.ХГ ";
72T109_5;52AW00/72OXG:72T109_5.PNT\hist00;;;;;;;;0;400;;;;град.С;"Т ХГ после РСО ";
72T109_7;52AW00/72OXG:72T109_7.PNT\hist00;;;;;;;;0;400;;;;град.С;"Т ХГ в зоне реак. ";
72T109_8;52AW00/72OXG:72T109_8.PNT\hist00;;;;;;;;0;400;;;;град.С;"Т ХГ после окис. ";
72T109_9;52AW00/72OXG:72T109_9.PNT\hist00;;;;;;;;0;400;;;;град.С;"Т ХГ в зоне реак. ";
72PS182_1;52AW00/72PODSH_AO:72PS182_1.PNT\hist00;;;;;;;;0;6;;;;кг/см2;АварСигнОсевСдвига  РотораТурбины;
72PS182_2;52AW00/72PODSH_AO:72PS182_2.PNT\hist00;;;;;;;;0;6;;;;кг/см2;АварСигнОсевСдвига  РотораТурбины;
72PS183_1;52AW00/72PODSH_AO:72PS183_1.PNT\hist00;;;;;;;;0;6;;;;кг/см2;АварСигнОсевСдвига  РотораНагнет.;
72PS183_2;52AW00/72PODSH_AO:72PS183_2.PNT\hist00;;;;;;;;0;6;;;;кг/см2;АварСигнОсевСдвига  РотораНагнет.;
72TS177_1;52AW00/72PODSH_AO:72TS177_1.PNT\hist00;;;;;;;;0;100;;;;град.С;Т подшипника редуктора;
72TS177_2;52AW00/72PODSH_AO:72TS177_2.PNT\hist00;;;;;;;;0;100;;;;град.С;Т подшипника редуктора;
72TS177_3;52AW00/72PODSH_AO:72TS177_3.PNT\hist00;;;;;;;;0;100;;;;град.С;Т подшипника редуктора;
72TS177_4;52AW00/72PODSH_AO:72TS177_4.PNT\hist00;;;;;;;;0;100;;;;град.С;Т подшипника редуктора;
72TS177_5;52AW00/72PODSH_AO:72TS177_5.PNT\hist00;;;;;;;;0;100;;;;град.С;Т подшипника редуктора;
72TS177_6;52AW00/72PODSH_AO:72TS177_6.PNT\hist00;;;;;;;;0;100;;;;град.С;Т подшипника редуктора;
72TS177_7;52AW00/72PODSH_AO:72TS177_7.PNT\hist00;;;;;;;;0;100;;;;град.С;Т подшипника редуктора;
72TS177_8;52AW00/72PODSH_AO:72TS177_8.PNT\hist00;;;;;;;;0;100;;;;град.С;Т подшипника редуктора;
72TS178_1;52AW00/72PODSH_AO:72TS178_1.PNT\hist00;;;;;;;;0;100;;;;град.С;Т опор. Подшипника компрессора;
72TS178_2;52AW00/72PODSH_AO:72TS178_2.PNT\hist00;;;;;;;;0;100;;;;град.С;Т опор. Подшипника турбины;
72TS178_3;52AW00/72PODSH_AO:72TS178_3.PNT\hist00;;;;;;;;0;100;;;;град.С;Т упор. Подшипника турбины;
72TS178_4;52AW00/72PODSH_AO:72TS178_4.PNT\hist00;;;;;;;;0;100;;;;град.С;Т упор. Подшипника турбины;
72TS178_5;52AW00/72PODSH_AO:72TS178_5.PNT\hist00;;;;;;;;0;100;;;;град.С;Т перед. Подшип-ка нагнетателя;
72TS178_6;52AW00/72PODSH_AO:72TS178_6.PNT\hist00;;;;;;;;0;100;;;;град.С;Т упор. Подшипника нагнетателя;
72TS178_7;52AW00/72PODSH_AO:72TS178_7.PNT\hist00;;;;;;;;0;100;;;;град.С;Т задн. Подшипника нагнетателя;
72TS179_1;52AW00/72PODSH_AO:72TS179_1.PNT\hist00;;;;;;;;0;100;;;;град.С;Т подшипника РД;
72TS179_2;52AW00/72PODSH_AO:72TS179_2.PNT\hist00;;;;;;;;0;100;;;;град.С;Т подшипника РД;
72TS179_3;52AW00/72PODSH_AO:72TS179_3.PNT\hist00;;;;;;;;0;100;;;;град.С;Т обмотки статора РД;
72EA_RD;52AW00/72RD:72EA_RD.PNT\hist00;;;;;;;;-1500;1500;;;;квт;Мощность  РД;
72IA_RD;52AW00/72RD:72IA_RD.PNT\hist00;;;;;;;;0;150;;;;А;Ток статора  РД;
72P193;52AW00/72RD:72P193.PNT\hist00;;;;;;;;0;1000;;;;мм;"Положение экранов ЖРС ";
72T192;52AW00/72RD:72T192.PNT\hist00;;;;;;;;0;100;;;;град.С;Т электролита  ЖРС;
72F132;52AW00/72REKUP:72F132.PNT\hist00;;;;;;;;0;12.52657;;;;м3/ч;F пит. Воды в КУГ;
72F133;52AW00/72REKUP:72F133.PNT\hist00;;;;;;;;0;31.68445;;;;м3/ч;Fпит. Воды в КУН;
72T174;52AW00/72REKUP:72T174.PNT\hist00;;;;;;;;0;1100;;;;град.С;Т ОХГ  перед ГТТ;
72LC130;52AW00/72REKUP:72LC130.PNT\hist00;;;;;;;;-315;315;;;;мм;Рег.L пит. Воды в КУГ;
72LCV130;52AW00/72REKUP:72LCV130.PNT\hist00;;;;;;;;0;100;;;;%;Рег.Клап.L  в КУГ;
72LC131;52AW00/72REKUP:72LC131.PNT\hist00;;;;;;;;-315;315;;;;мм;Рег.L пит. Воды в КУН;
72LCV131;52AW00/72REKUP:72LCV131.PNT\hist00;;;;;;;;0;100;;;;%;Рег.Клап.L  в КУН;
72P135;52AW00/72REKUP:72P135.PNT\hist00;;;;;;;;0;20;;;;кг/см2;Р перег. пара из КУН;
72P136;52AW00/72REKUP:72P136.PNT\hist00;;;;;;;;0;20;;;;кг/см2;Р перег. пара из КУГ;
72PD170;52AW00/72REKUP:72PD170.PNT\hist00;;;;;;;;0;2,5;;;;кг/см2;Пер.Р Возд./ХГ Нагн.1г/ГТТ;
72T101_4;52AW00/72REKUP:72T101_4.PNT\hist00;;;;;;;;0;400;;;;град.С;Т перег. пара из КУН;
72T101_5;52AW00/72REKUP:72T101_5.PNT\hist00;;;;;;;;0;400;;;;град.С;Т ХГ после КУГ;
72T101_6;52AW00/72REKUP:72T101_6.PNT\hist00;;;;;;;;0;400;;;;град.С;Т перег. пара из КУГ;
72T114_1;52AW00/72REKUP:72T114_1.PNT\hist00;;;;;;;;0;400;;;;град.С;Т метал.газ.камер КУН;
72T114_2;52AW00/72REKUP:72T114_2.PNT\hist00;;;;;;;;0;400;;;;град.С;Т метал.газ.камер КУН;
72T114_3;52AW00/72REKUP:72T114_3.PNT\hist00;;;;;;;;0;400;;;;град.С;Т метал.газ.камер КУН;
72T114_4;52AW00/72REKUP:72T114_4.PNT\hist00;;;;;;;;0;400;;;;град.С;Т метал.газ.камер КУН;
72T114_5;52AW00/72REKUP:72T114_5.PNT\hist00;;;;;;;;0;400;;;;град.С;Т метал.газ.камер КУН;
72T114_6;52AW00/72REKUP:72T114_6.PNT\hist00;;;;;;;;0;400;;;;град.С;Т метал.газ.камер КУН;
72T173_4;52AW00/72REKUP:72T173_4.PNT\hist00;;;;;;;;0;600;;;;град.С;Т газов  после ГТТ;
72T183;52AW00/72REKUP:72T183.PNT\hist00;;;;;;;;0;1100;;;;град.С;Т газов из УКСТ 1в;
72PS178;52AW00/72SBS_AO:72PS178.PNT\hist00;;;;;;;;0;16;;;;кг/см2;Р ПГ  до Стоп. Отсек.;
72PS179;52AW00/72SBS_AO:72PS179.PNT\hist00;;;;;;;;0;1,6;;;;кг/см2;Р масла смазки в ГТТ-3М;
72PS180;52AW00/72SBS_AO:72PS180.PNT\hist00;;;;;;;;0;3;;;;кг/см2;Р воздуха из компр. 1а;
72TS174;52AW00/72SBS_AOK:72TS174.PNT\hist00;;;;;;;;0;1100;;;;град.С;Т ОХГ Блок. перед ГТТ;
72LS131;52AW00/72SBS_AOK:72LS131.PNT\hist00;;;;;;;;-315;315;;;;мм;Авар.L пит. Воды в КУН;
72TS101;52AW00/72SBS_AOK:72TS101.PNT\hist00;;;;;;;;0;400;;;;град.С;Т АВС после смесит.3;
72FC171;52AW00/72UKST:72FC171.PNT\hist00;;;;;;;;0;1927.721;;;;м3/ч;Расход ПГ в УКСТ;
72HCV171;52AW00/72UKST:72HCV171.PNT\hist00;;;;;;;;0;100;;;;%;"Упр. РК скорости вращения турб. ";
72PD171;52AW00/72UKST:72PD171.PNT\hist00;;;;;;;;0;2500;;;;кгс/м2;Перепад ПГ в УКСТ;
72T116;52AW00/72UKST:72T116.PNT\hist00;;;;;;;;-50;50;;;;град.С;Т ПГ в УКСТ;
72FC107;52AW00/72UKST:72FC107.PNT\hist00;;;;;;;;0;15743.73;;;;м3/ч;F воздуха  в УКСТ 1в;
72HCV107;52AW00/72UKST:72HCV107.PNT\hist00;;;;;;;;0;100;;;;%;Дист.Упр.Рег.Клап. возд. в КСТ 1в;
72G171;52AW00/72UKST:72G171.PNT\hist00;;;;;;;;0;100;;;;%;"Полож. РК скорости вращения турб. ";
72P187;52AW00/72UKST:72P187.PNT\hist00;;;;;;;;0;10;;;;кг/см2;"РПГ после РК  cкорости турб. ";