Tag Name,Address,Data Type,Respect Data Type,Client Access,Scan Rate,Scaling,Raw Low,Raw High,Scaled Low,Scaled High,Scaled Data Type,Clamp Low,Clamp High,Eng Units,Description,Negate Value
01F21_1,52AW00/01AMIAK:01F21_1.PNT\hist00,,,,,,,,0,40,,,,,,
01F21_2,52AW00/01AMIAK:01F21_2.PNT\hist00,,,,,,,,0,40,,,,,,
01F4,52AW00/01AMIAK:01F4.PNT\hist00,,,,,,,,0,16000,,,,,,
01P21_1,52AW00/01AMIAK:01P21_1.PNT\hist00,,,,,,,,0,25,,,,,,
01P21_2,52AW00/01AMIAK:01P21_2.PNT\hist00,,,,,,,,0,25,,,,,,
01P4_1,52AW00/01AMIAK:01P4_1.PNT\hist00,,,,,,,,0,10,,,,,,
01T21_1,52AW00/01AMIAK:01T21_1.PNT\hist00,,,,,,,,-50,50,,,,,,
01T21_2,52AW00/01AMIAK:01T21_2.PNT\hist00,,,,,,,,-50,50,,,,,,
01T4,52AW00/01AMIAK:01T4.PNT\hist00,,,,,,,,0,150,,,,,,
01P17,52AW00/01AZVS:01P17.PNT\hist00,,,,,,,,0,40,,,,,,
01LC5,52AW00/01KOND:01LC5.PNT\hist00,,,,,,,,0,100,,,,,,
01P8_1,52AW00/01KOND:01P8_1.PNT\hist00,,,,,,,,0,25,,,,,,
01F2_1,52AW00/01PAR:01F2_1.PNT\hist00,,,,,,,,0,99.51399994,,,,,,
01F2_2,52AW00/01PAR:01F2_2.PNT\hist00,,,,,,,,0,99.51399994,,,,,,
01P2_1,52AW00/01PAR:01P2_1.PNT\hist00,,,,,,,,0,25,,,,,,
01P2_2,52AW00/01PAR:01P2_2.PNT\hist00,,,,,,,,0,25,,,,,,
01PC3,52AW00/01PAR:01PC3.PNT\hist00,,,,,,,,0,10,,,,,,
01T2_1,52AW00/01PAR:01T2_1.PNT\hist00,,,,,,,,0,400,,,,,,
01T2_2,52AW00/01PAR:01T2_2.PNT\hist00,,,,,,,,0,400,,,,,,
01F5,52AW00/01PGAZ:01F5.PNT\hist00,,,,,,,,0,12500,,,,,,
01F5_R,52AW00/01PGAZ:01F5_R.PNT\hist00,,,,,,,,0.64999998,0.70999998,,,,,,
01P5,52AW00/01PGAZ:01P5.PNT\hist00,,,,,,,,0,16,,,,,,
01PD5,52AW00/01PGAZ:01PD5.PNT\hist00,,,,,,,,0,2500,,,,,,
01T16,52AW00/01PGAZ:01T16.PNT\hist00,,,,,,,,-50,50,,,,,,
01LS12,52AW00/01SBS_OC:01LS12.PNT\hist00,,,,,,,,0,100,,,,,,
01PS10,52AW00/01SBS_OC:01PS10.PNT\hist00,,,,,,,,0,10,,,,,,
01S_IAC_1,52AW00/01SBS_OC:01S_IAC_1.PNT\hist00,,,,,,,,45,55,,,,,,
01S_IAC_2,52AW00/01SBS_OC:01S_IAC_2.PNT\hist00,,,,,,,,45,55,,,,,,
01F20_1,52AW00/01SKLAD:01F20_1.PNT\hist00,,,,,,,,0,80,,,,,,
01F20_2,52AW00/01SKLAD:01F20_2.PNT\hist00,,,,,,,,0,80,,,,,,
01L26_1,52AW00/01SKLAD:01L26_1.PNT\hist00,,,,,,,,0,7000,,,,,,
01L26_2,52AW00/01SKLAD:01L26_2.PNT\hist00,,,,,,,,0,7000,,,,,,
01L26_3,52AW00/01SKLAD:01L26_3.PNT\hist00,,,,,,,,0,7000,,,,,,
01L26_4,52AW00/01SKLAD:01L26_4.PNT\hist00,,,,,,,,0,7000,,,,,,
01P20_1,52AW00/01SKLAD:01P20_1.PNT\hist00,,,,,,,,0,20,,,,,,
01P20_2,52AW00/01SKLAD:01P20_2.PNT\hist00,,,,,,,,0,20,,,,,,
01Q20,52AW00/01SKLAD:01Q20.PNT\hist00,,,,,,,,45,60,,,,,,
01T20,52AW00/01SKLAD:01T20.PNT\hist00,,,,,,,,-50,50,,,,,,
01F1_1,52AW00/01VODA:01F1_1.PNT\hist00,,,,,,,,0,15,,,,,,
01P5_1,52AW00/01VODA:01P5_1.PNT\hist00,,,,,,,,0,10,,,,,,
01T1_1,52AW00/01VODA:01T1_1.PNT\hist00,,,,,,,,-50,50,,,,,,
01T1_2,52AW00/01VODA:01T1_2.PNT\hist00,,,,,,,,-50,50,,,,,,
01F1,52AW00/01VODA_XOB:01F1.PNT\hist00,,,,,,,,0,255.91038513,,,,,,
01LC1_1,52AW00/01VODA_XOB:01LC1_1.PNT\hist00,,,,,,,,0,100,,,,,,
01LC1_2,52AW00/01VODA_XOB:01LC1_2.PNT\hist00,,,,,,,,0,100,,,,,,
01LC6,52AW00/01VODA_XOB:01LC6.PNT\hist00,,,,,,,,0,100,,,,,,
01P1,52AW00/01VODA_XOB:01P1.PNT\hist00,,,,,,,,0,40,,,,,,
01P4,52AW00/01VODA_XOB:01P4.PNT\hist00,,,,,,,,0,10,,,,,,
01PC8,52AW00/01VODA_XOB:01PC8.PNT\hist00,,,,,,,,0,0.40000001,,,,,,
01T1,52AW00/01VODA_XOB:01T1.PNT\hist00,,,,,,,,0,100,,,,,,
01T5_3,52AW00/01VODA_XOB:01T5_3.PNT\hist00,,,,,,,,0,200,,,,,,
01F10,52AW00/01VOZD:01F10.PNT\hist00,,,,,,,,0,1881.25097656,,,,,,
01P10A,52AW00/01VOZD:01P10A.PNT\hist00,,,,,,,,700,800,,,,,,
01Q10A,52AW00/01VOZD:01Q10A.PNT\hist00,,,,,,,,-50,50,,,,,,
01T10,52AW00/01VOZD:01T10.PNT\hist00,,,,,,,,-50,50,,,,,,
01T100,52AW00/01VOZD:01T100.PNT\hist00,,,,,,,,-50,50,,,,,,
01T10A,52AW00/01VOZD:01T10A.PNT\hist00,,,,,,,,-50,50,,,,,,
01NH3_FM,52AW00/01AMIAK:01NH3_FM.PNT\hist00,,,,,,,,0,8000,,,,,,
01NH3_FQDM,52AW00/01AMIAK:01NH3_FQDM.PNT\hist00,,,,,,,,0,125,,,,,,
01NH3_FQMM,52AW00/01AMIAK:01NH3_FQMM.PNT\hist00,,,,,,,,0,4000,,,,,,
01NH3_KF,52AW00/01AMIAK:01NH3_KF.PNT\hist00,,,,,,,,0,300,,,,,,
01NH3_KFD,52AW00/01AMIAK:01NH3_KFD.PNT\hist00,,,,,,,,0,300,,,,,,
01NH3_KFM,52AW00/01AMIAK:01NH3_KFM.PNT\hist00,,,,,,,,0,300,,,,,,
01NG_KF,52AW00/01PGAZ:01NG_KF.PNT\hist00,,,,,,,,0,125,,,,,,
01NG_KFD,52AW00/01PGAZ:01NG_KFD.PNT\hist00,,,,,,,,0,125,,,,,,
01NG_KFM,52AW00/01PGAZ:01NG_KFM.PNT\hist00,,,,,,,,0,125,,,,,,
01HNO3_F,52AW00/01SKLAD:01HNO3_F.PNT\hist00,,,,,,,,0,150,,,,,,
01HNO3_FM,52AW00/01SKLAD:01HNO3_FM.PNT\hist00,,,,,,,,0,200,,,,,,
01HNO3_MNG,52AW00/01SKLAD:01HNO3_MNG.PNT\hist00,,,,,,,,0,125,,,,,,
01UMV_KF,52AW00/01VODA_XOB:01UMV_KF.PNT\hist00,,,,,,,,0,100,,,,,,
01UMV_KFD,52AW00/01VODA_XOB:01UMV_KFD.PNT\hist00,,,,,,,,0,100,,,,,,
01UMV_KFM,52AW00/01VODA_XOB:01UMV_KFM.PNT\hist00,,,,,,,,0,100,,,,,,
01JAM1_KF,52AW00/01AMIAK:01JAM1_KF.PNT\hist00,,,,,,,,0,1000,,,,,,
01JAM1_KFD,52AW00/01AMIAK:01JAM1_KFD.PNT\hist00,,,,,,,,0,1000,,,,,,
01JAM1_KFM,52AW00/01AMIAK:01JAM1_KFM.PNT\hist00,,,,,,,,0,1000,,,,,,
01JAM2_KF,52AW00/01AMIAK:01JAM2_KF.PNT\hist00,,,,,,,,0,1000,,,,,,
01JAM2_KFD,52AW00/01AMIAK:01JAM2_KFD.PNT\hist00,,,,,,,,0,1000,,,,,,
01JAM2_KFM,52AW00/01AMIAK:01JAM2_KFM.PNT\hist00,,,,,,,,0,1000,,,,,,
01JAM12_F,52AW00/01SBS_OC:01JAM12_F.PNT\hist00,,,,,,,,0,40,,,,,,
01JAM12_FQD,52AW00/01SBS_OC:01JAM12_FQD.PNT\hist00,,,,,,,,0,1000,,,,,,
01JAM12_FQM,52AW00/01SBS_OC:01JAM12_FQM.PNT\hist00,,,,,,,,0,32000,,,,,,
01JAM12_KF,52AW00/01SBS_OC:01JAM12_KF.PNT\hist00,,,,,,,,0,1000,,,,,,
01JAM12_KFD,52AW00/01SBS_OC:01JAM12_KFD.PNT\hist00,,,,,,,,0,1000,,,,,,
01JAM12_KFM,52AW00/01SBS_OC:01JAM12_KFM.PNT\hist00,,,,,,,,0,1000,,,,,,
01PHV_KF,52AW00/01VODA:01PHV_KF.PNT\hist00,,,,,,,,0,200,,,,,,
01PHV_KFD,52AW00/01VODA:01PHV_KFD.PNT\hist00,,,,,,,,0,200,,,,,,
01PHV_KFM,52AW00/01VODA:01PHV_KFM.PNT\hist00,,,,,,,,0,200,,,,,,
01VOZ_KF,52AW00/01VOZD:01VOZ_KF.PNT\hist00,,,,,,,,0,125,,,,,,
01VOZ_KFD,52AW00/01VOZD:01VOZ_KFD.PNT\hist00,,,,,,,,0,125,,,,,,
01VOZ_KFM,52AW00/01VOZD:01VOZ_KFM.PNT\hist00,,,,,,,,0,125,,,,,,
01F2_1G,52AW00/01PAR:01F2_1G.PNT\hist00,,,,,,,,0,80,,,,,,
01F2_2G,52AW00/01PAR:01F2_2G.PNT\hist00,,,,,,,,0,80,,,,,,
01PARF1_KF,52AW00/01PAR:01PARF1_KF.PNT\hist00,,,,,,,,0,3,,,,,,
01PARF1_KFD,52AW00/01PAR:01PARF1_KFD.PNT\hist00,,,,,,,,0,3,,,,,,
01PARF1_KFM,52AW00/01PAR:01PARF1_KFM.PNT\hist00,,,,,,,,0,3,,,,,,
01PARF2_KF,52AW00/01PAR:01PARF2_KF.PNT\hist00,,,,,,,,0,3,,,,,,
01PARF2_KFD,52AW00/01PAR:01PARF2_KFD.PNT\hist00,,,,,,,,0,3,,,,,,
01PARF2_KFM,52AW00/01PAR:01PARF2_KFM.PNT\hist00,,,,,,,,0,3,,,,,,
01PARG1_KF,52AW00/01PAR:01PARG1_KF.PNT\hist00,,,,,,,,0,3,,,,,,
01PARG1_KFD,52AW00/01PAR:01PARG1_KFD.PNT\hist00,,,,,,,,0,3,,,,,,
01PARG1_KFM,52AW00/01PAR:01PARG1_KFM.PNT\hist00,,,,,,,,0,3,,,,,,
01PARG2_KF,52AW00/01PAR:01PARG2_KF.PNT\hist00,,,,,,,,0,3,,,,,,
01PARG2_KFD,52AW00/01PAR:01PARG2_KFD.PNT\hist00,,,,,,,,0,3,,,,,,
01PARG2_KFM,52AW00/01PAR:01PARG2_KFM.PNT\hist00,,,,,,,,0,3,,,,,,
01PD2_1,52AW00/01PAR:01PD2_1.PNT\hist00,,,,,,,,0,4000,,,,,,
01PD2_2,52AW00/01PAR:01PD2_2.PNT\hist00,,,,,,,,0,4000,,,,,,
01PARF_F,52AW00/01SBS_OC:01PARF_F.PNT\hist00,,,,,,,,0,200,,,,,,
01PARF_FQD,52AW00/01SBS_OC:01PARF_FQD.PNT\hist00,,,,,,,,0,5000,,,,,,
01PARF_FQM,52AW00/01SBS_OC:01PARF_FQM.PNT\hist00,,,,,,,,0,160000,,,,,,
01PARF_KF,52AW00/01SBS_OC:01PARF_KF.PNT\hist00,,,,,,,,0,3,,,,,,
01PARF_KFD,52AW00/01SBS_OC:01PARF_KFD.PNT\hist00,,,,,,,,0,3,,,,,,
01PARF_KFM,52AW00/01SBS_OC:01PARF_KFM.PNT\hist00,,,,,,,,0,3,,,,,,
01PARG_F,52AW00/01SBS_OC:01PARG_F.PNT\hist00,,,,,,,,0,200,,,,,,
01PARG_FQD,52AW00/01SBS_OC:01PARG_FQD.PNT\hist00,,,,,,,,0,4000,,,,,,
01PARG_FQM,52AW00/01SBS_OC:01PARG_FQM.PNT\hist00,,,,,,,,0,125000,,,,,,
01PARG_KF,52AW00/01SBS_OC:01PARG_KF.PNT\hist00,,,,,,,,0,3,,,,,,
01PARG_KFD,52AW00/01SBS_OC:01PARG_KFD.PNT\hist00,,,,,,,,0,3,,,,,,
01PARG_KFM,52AW00/01SBS_OC:01PARG_KFM.PNT\hist00,,,,,,,,0,3,,,,,,
01HNO3_1_FM,52AW00/01SKLAD:01HNO3_1_FM.PNT\hist00,,,,,,,,0,200,,,,,,
01HNO3_1_MNG,52AW00/01SKLAD:01HNO3_1_MNG.PNT\hist00,,,,,,,,0,125,,,,,,
01HNO3_2_FM,52AW00/01SKLAD:01HNO3_2_FM.PNT\hist00,,,,,,,,0,200,,,,,,
01HNO3_2_MNG,52AW00/01SKLAD:01HNO3_2_MNG.PNT\hist00,,,,,,,,0,125,,,,,,
01F5_CO2,52AW00/01PGAZ:01F5_CO2.PNT\hist00,,,,,,,,0,0.1,,,,,,
01F5_N2,52AW00/01PGAZ:01F5_N2.PNT\hist00,,,,,,,,0,1,,,,,,
01PD21_1,52AW00/01AMIAK:01PD21_1.PNT\hist00,,,,,,,,0,2500,,,,,,
01PD21_2,52AW00/01AMIAK:01PD21_2.PNT\hist00,,,,,,,,0,2500,,,,,,
01PD4,52AW00/01AMIAK:01PD4.PNT\hist00,,,,,,,,0,2500,,,,,,
01PD1,52AW00/01VODA_XOB:01PD1.PNT\hist00,,,,,,,,0,1600,,,,,,
01F2_1H,52AW00/01PAR:01F2_1H.PNT\hist00,,,,,,,,0,1,,,,,,
01F2_2H,52AW00/01PAR:01F2_2H.PNT\hist00,,,,,,,,0,1,,,,,,
21F103,52AW00/21ABSOR:21F103.PNT\hist00,,,,,,,,0,12500,,,,,,
21F105,52AW00/21ABSOR:21F105.PNT\hist00,,,,,,,,0,25,,,,,,
21F111_1,52AW00/21ABSOR:21F111_1.PNT\hist00,,,,,,,,0,1072.34289551,,,,,,
21F111_2,52AW00/21ABSOR:21F111_2.PNT\hist00,,,,,,,,0,820.00097656,,,,,,
21FC104,52AW00/21ABSOR:21FC104.PNT\hist00,,,,,,,,0,6187.48779297,,,,,,
21FC110,52AW00/21ABSOR:21FC110.PNT\hist00,,,,,,,,0,9.99330997,,,,,,
21HNO3_FM,52AW00/21ABSOR:21HNO3_FM.PNT\hist00,,,,,,,,0,30,,,,,,
21HNO3_MNG,52AW00/21ABSOR:21HNO3_MNG.PNT\hist00,,,,,,,,0,16,,,,,,
21HNO3_R,52AW00/21ABSOR:21HNO3_R.PNT\hist00,,,,,,,,1.20000005,1.39999998,,,,,,
21KCP_KF,52AW00/21ABSOR:21KCP_KF.PNT\hist00,,,,,,,,0,4,,,,,,
21KCP_KFD,52AW00/21ABSOR:21KCP_KFD.PNT\hist00,,,,,,,,0,4,,,,,,
21KCP_KFM,52AW00/21ABSOR:21KCP_KFM.PNT\hist00,,,,,,,,0,4,,,,,,
21LC105,52AW00/21ABSOR:21LC105.PNT\hist00,,,,,,,,430,830,,,,,,
21OV1_KF,52AW00/21ABSOR:21OV1_KF.PNT\hist00,,,,,,,,0,500,,,,,,
21OV1_KFD,52AW00/21ABSOR:21OV1_KFD.PNT\hist00,,,,,,,,0,500,,,,,,
21OV1_KFM,52AW00/21ABSOR:21OV1_KFM.PNT\hist00,,,,,,,,0,500,,,,,,
21OV2_KF,52AW00/21ABSOR:21OV2_KF.PNT\hist00,,,,,,,,0,500,,,,,,
21OV2_KFD,52AW00/21ABSOR:21OV2_KFD.PNT\hist00,,,,,,,,0,500,,,,,,
21OV2_KFM,52AW00/21ABSOR:21OV2_KFM.PNT\hist00,,,,,,,,0,500,,,,,,
21Q105,52AW00/21ABSOR:21Q105.PNT\hist00,,,,,,,,50,60,,,,,,
21T108_1,52AW00/21ABSOR:21T108_1.PNT\hist00,,,,,,,,0,150,,,,,,
21T108_2,52AW00/21ABSOR:21T108_2.PNT\hist00,,,,,,,,0,150,,,,,,
21T108_3,52AW00/21ABSOR:21T108_3.PNT\hist00,,,,,,,,0,150,,,,,,
21T108_4,52AW00/21ABSOR:21T108_4.PNT\hist00,,,,,,,,0,150,,,,,,
21T108_5,52AW00/21ABSOR:21T108_5.PNT\hist00,,,,,,,,0,400,,,,,,
21T108_6,52AW00/21ABSOR:21T108_6.PNT\hist00,,,,,,,,0,150,,,,,,
21F113,52AW00/21GTT:21F113.PNT\hist00,,,,,,,,0,1038.55493164,,,,,,
21OV3_KF,52AW00/21GTT:21OV3_KF.PNT\hist00,,,,,,,,0,500,,,,,,
21OV3_KFD,52AW00/21GTT:21OV3_KFD.PNT\hist00,,,,,,,,0,500,,,,,,
21OV3_KFM,52AW00/21GTT:21OV3_KFM.PNT\hist00,,,,,,,,0,500,,,,,,
21P181,52AW00/21GTT:21P181.PNT\hist00,,,,,,,,0,10,,,,,,
21SCS171_1,52AW00/21GTT:21SCS171_1.PNT\hist00,,,,,,,,0,6000,,,,,,
21SCS171_2,52AW00/21GTT:21SCS171_2.PNT\hist00,,,,,,,,0,6000,,,,,,
21SCS171_3,52AW00/21GTT:21SCS171_3.PNT\hist00,,,,,,,,0,6000,,,,,,
21T170_3,52AW00/21GTT:21T170_3.PNT\hist00,,,,,,,,0,100,,,,,,
21T170_4,52AW00/21GTT:21T170_4.PNT\hist00,,,,,,,,0,100,,,,,,
21T170_5,52AW00/21GTT:21T170_5.PNT\hist00,,,,,,,,0,100,,,,,,
21T170_6,52AW00/21GTT:21T170_6.PNT\hist00,,,,,,,,0,100,,,,,,
21T173_1,52AW00/21GTT:21T173_1.PNT\hist00,,,,,,,,0,200,,,,,,
21T173_2,52AW00/21GTT:21T173_2.PNT\hist00,,,,,,,,0,200,,,,,,
21F102,52AW00/21KONV:21F102.PNT\hist00,,,,,,,,0,62504.88671875,,,,,,
21FC101,52AW00/21KONV:21FC101.PNT\hist00,,,,,,,,0,7803.25878906,,,,,,
21FS101,52AW00/21KONV:21FS101.PNT\hist00,,,,,,,,0,7803.25878906,,,,,,
21FS102,52AW00/21KONV:21FS102.PNT\hist00,,,,,,,,0,62504.88671875,,,,,,
21G101,52AW00/21KONV:21G101.PNT\hist00,,,,,,,,0,100,,,,,,
21NH3N_F,52AW00/21KONV:21NH3N_F.PNT\hist00,,,,,,,,0,8000,,,,,,
21NH3N_FM,52AW00/21KONV:21NH3N_FM.PNT\hist00,,,,,,,,0,6300,,,,,,
21NH3N_FQDM,52AW00/21KONV:21NH3N_FQDM.PNT\hist00,,,,,,,,0,180,,,,,,
21NH3N_FQMM,52AW00/21KONV:21NH3N_FQMM.PNT\hist00,,,,,,,,0,5000,,,,,,
21NH3N_KFD,52AW00/21KONV:21NH3N_KFD.PNT\hist00,,,,,,,,0,1000,,,,,,
21NH3N_KFM,52AW00/21KONV:21NH3N_KFM.PNT\hist00,,,,,,,,0,1000,,,,,,
21NH3_FM,52AW00/21KONV:21NH3_FM.PNT\hist00,,,,,,,,0,6300,,,,,,
21NH3_FQDM,52AW00/21KONV:21NH3_FQDM.PNT\hist00,,,,,,,,0,125,,,,,,
21NH3_FQMM,52AW00/21KONV:21NH3_FQMM.PNT\hist00,,,,,,,,0,4000,,,,,,
21NH3_KF,52AW00/21KONV:21NH3_KF.PNT\hist00,,,,,,,,0,1000,,,,,,
21NH3_KFD,52AW00/21KONV:21NH3_KFD.PNT\hist00,,,,,,,,0,1000,,,,,,
21NH3_KFM,52AW00/21KONV:21NH3_KFM.PNT\hist00,,,,,,,,0,1000,,,,,,
21P101A,52AW00/21KONV:21P101A.PNT\hist00,,,,,,,,0,10,,,,,,
21P101B,52AW00/21KONV:21P101B.PNT\hist00,,,,,,,,0,10,,,,,,
21P127A,52AW00/21KONV:21P127A.PNT\hist00,,,,,,,,0,10,,,,,,
21P127B,52AW00/21KONV:21P127B.PNT\hist00,,,,,,,,0,10,,,,,,
21P128,52AW00/21KONV:21P128.PNT\hist00,,,,,,,,0,10,,,,,,
21QC101AIN1,52AW00/21KONV:21QC101AIN1.PNT\hist00,,,,,,,,0,12,,,,,,
21QC101AIN2,52AW00/21KONV:21QC101AIN2.PNT\hist00,,,,,,,,0,12,,,,,,
21T101A,52AW00/21KONV:21T101A.PNT\hist00,,,,,,,,0,200,,,,,,
21T101B,52AW00/21KONV:21T101B.PNT\hist00,,,,,,,,0,200,,,,,,
21T103,52AW00/21KONV:21T103.PNT\hist00,,,,,,,,0,400,,,,,,
21T127A,52AW00/21KONV:21T127A.PNT\hist00,,,,,,,,0,200,,,,,,
21T127B,52AW00/21KONV:21T127B.PNT\hist00,,,,,,,,0,200,,,,,,
21TS102_1,52AW00/21KONV:21TS102_1.PNT\hist00,,,,,,,,0,1100,,,,,,
21TS102_2,52AW00/21KONV:21TS102_2.PNT\hist00,,,,,,,,0,1100,,,,,,
21TS102_3,52AW00/21KONV:21TS102_3.PNT\hist00,,,,,,,,0,1100,,,,,,
21PS176,52AW00/21MASLO:21PS176.PNT\hist00,,,,,,,,0,10,,,,,,
21T170_1,52AW00/21MASLO:21T170_1.PNT\hist00,,,,,,,,0,100,,,,,,
21T170_2,52AW00/21MASLO:21T170_2.PNT\hist00,,,,,,,,0,100,,,,,,
21LC108,52AW00/21NH3:21LC108.PNT\hist00,,,,,,,,700,1100,,,,,,
21PC110,52AW00/21NH3:21PC110.PNT\hist00,,,,,,,,0,20,,,,,,
21TC112,52AW00/21NH3:21TC112.PNT\hist00,,,,,,,,0,200,,,,,,
21TS112,52AW00/21NH3:21TS112.PNT\hist00,,,,,,,,0,200,,,,,,
21FC106,52AW00/21OXG:21FC106.PNT\hist00,,,,,,,,0,84.51572418,,,,,,
21NH3SC_FM,52AW00/21OXG:21NH3SC_FM.PNT\hist00,,,,,,,,0,63,,,,,,
21NH3SC_FQDM,52AW00/21OXG:21NH3SC_FQDM.PNT\hist00,,,,,,,,0,1.79999995,,,,,,
21NH3SC_FQMM,52AW00/21OXG:21NH3SC_FQMM.PNT\hist00,,,,,,,,0,50,,,,,,
21NH3SC_KF,52AW00/21OXG:21NH3SC_KF.PNT\hist00,,,,,,,,0,10,,,,,,
21NH3SC_KFD,52AW00/21OXG:21NH3SC_KFD.PNT\hist00,,,,,,,,0,10,,,,,,
21NH3SC_KFM,52AW00/21OXG:21NH3SC_KFM.PNT\hist00,,,,,,,,0,10,,,,,,
21T109_2,52AW00/21OXG:21T109_2.PNT\hist00,,,,,,,,0,400,,,,,,
21T109_4,52AW00/21OXG:21T109_4.PNT\hist00,,,,,,,,0,400,,,,,,
21T109_5,52AW00/21OXG:21T109_5.PNT\hist00,,,,,,,,0,400,,,,,,
21T109_7,52AW00/21OXG:21T109_7.PNT\hist00,,,,,,,,0,400,,,,,,
21T109_8,52AW00/21OXG:21T109_8.PNT\hist00,,,,,,,,0,400,,,,,,
21T109_9,52AW00/21OXG:21T109_9.PNT\hist00,,,,,,,,0,400,,,,,,
21PS182_1,52AW00/21PODSH_AO:21PS182_1.PNT\hist00,,,,,,,,0,6,,,,,,
21PS182_2,52AW00/21PODSH_AO:21PS182_2.PNT\hist00,,,,,,,,0,6,,,,,,
21PS183_1,52AW00/21PODSH_AO:21PS183_1.PNT\hist00,,,,,,,,0,6,,,,,,
21PS183_2,52AW00/21PODSH_AO:21PS183_2.PNT\hist00,,,,,,,,0,6,,,,,,
21TS177_1,52AW00/21PODSH_AO:21TS177_1.PNT\hist00,,,,,,,,0,100,,,,,,
21TS177_2,52AW00/21PODSH_AO:21TS177_2.PNT\hist00,,,,,,,,0,100,,,,,,
21TS177_3,52AW00/21PODSH_AO:21TS177_3.PNT\hist00,,,,,,,,0,100,,,,,,
21TS177_4,52AW00/21PODSH_AO:21TS177_4.PNT\hist00,,,,,,,,0,100,,,,,,
21TS177_5,52AW00/21PODSH_AO:21TS177_5.PNT\hist00,,,,,,,,0,100,,,,,,
21TS177_6,52AW00/21PODSH_AO:21TS177_6.PNT\hist00,,,,,,,,0,100,,,,,,
21TS177_7,52AW00/21PODSH_AO:21TS177_7.PNT\hist00,,,,,,,,0,100,,,,,,
21TS177_8,52AW00/21PODSH_AO:21TS177_8.PNT\hist00,,,,,,,,0,100,,,,,,
21TS178_1,52AW00/21PODSH_AO:21TS178_1.PNT\hist00,,,,,,,,0,100,,,,,,
21TS178_2,52AW00/21PODSH_AO:21TS178_2.PNT\hist00,,,,,,,,0,100,,,,,,
21TS178_3,52AW00/21PODSH_AO:21TS178_3.PNT\hist00,,,,,,,,0,100,,,,,,
21TS178_4,52AW00/21PODSH_AO:21TS178_4.PNT\hist00,,,,,,,,0,100,,,,,,
21TS178_5,52AW00/21PODSH_AO:21TS178_5.PNT\hist00,,,,,,,,0,100,,,,,,
21TS178_6,52AW00/21PODSH_AO:21TS178_6.PNT\hist00,,,,,,,,0,100,,,,,,
21TS178_7,52AW00/21PODSH_AO:21TS178_7.PNT\hist00,,,,,,,,0,100,,,,,,
21TS179_1,52AW00/21PODSH_AO:21TS179_1.PNT\hist00,,,,,,,,0,100,,,,,,
21TS179_2,52AW00/21PODSH_AO:21TS179_2.PNT\hist00,,,,,,,,0,100,,,,,,
21TS179_3,52AW00/21PODSH_AO:21TS179_3.PNT\hist00,,,,,,,,0,100,,,,,,
21EARD_KF,52AW00/21RD:21EARD_KF.PNT\hist00,,,,,,,,0,500,,,,,,
21EARD_KFD,52AW00/21RD:21EARD_KFD.PNT\hist00,,,,,,,,0,500,,,,,,
21EARD_KFM,52AW00/21RD:21EARD_KFM.PNT\hist00,,,,,,,,0,500,,,,,,
21EA_RD,52AW00/21RD:21EA_RD.PNT\hist00,,,,,,,,-1500,1500,,,,,,
21IA_RD,52AW00/21RD:21IA_RD.PNT\hist00,,,,,,,,0,150,,,,,,
21P193,52AW00/21RD:21P193.PNT\hist00,,,,,,,,0,1000,,,,,,
21T192,52AW00/21RD:21T192.PNT\hist00,,,,,,,,0,100,,,,,,
21F132,52AW00/21REKUP:21F132.PNT\hist00,,,,,,,,0,12.52243996,,,,,,
21F133,52AW00/21REKUP:21F133.PNT\hist00,,,,,,,,0,39.57907867,,,,,,
21LC130,52AW00/21REKUP:21LC130.PNT\hist00,,,,,,,,-315,315,,,,,,
21LC131,52AW00/21REKUP:21LC131.PNT\hist00,,,,,,,,-315,315,,,,,,
21P135,52AW00/21REKUP:21P135.PNT\hist00,,,,,,,,0,20,,,,,,
21P136,52AW00/21REKUP:21P136.PNT\hist00,,,,,,,,0,20,,,,,,
21PD170,52AW00/21REKUP:21PD170.PNT\hist00,,,,,,,,0,2.5,,,,,,
21PVKUG_KF,52AW00/21REKUP:21PVKUG_KF.PNT\hist00,,,,,,,,0,4,,,,,,
21PVKUG_KFD,52AW00/21REKUP:21PVKUG_KFD.PNT\hist00,,,,,,,,0,4,,,,,,
21PVKUG_KFM,52AW00/21REKUP:21PVKUG_KFM.PNT\hist00,,,,,,,,0,4,,,,,,
21PVKUN_KF,52AW00/21REKUP:21PVKUN_KF.PNT\hist00,,,,,,,,0,8,,,,,,
21PVKUN_KFD,52AW00/21REKUP:21PVKUN_KFD.PNT\hist00,,,,,,,,0,8,,,,,,
21PVKUN_KFM,52AW00/21REKUP:21PVKUN_KFM.PNT\hist00,,,,,,,,0,8,,,,,,
21T101_4,52AW00/21REKUP:21T101_4.PNT\hist00,,,,,,,,0,400,,,,,,
21T101_5,52AW00/21REKUP:21T101_5.PNT\hist00,,,,,,,,0,400,,,,,,
21T101_6,52AW00/21REKUP:21T101_6.PNT\hist00,,,,,,,,0,400,,,,,,
21T114_1,52AW00/21REKUP:21T114_1.PNT\hist00,,,,,,,,0,400,,,,,,
21T114_2,52AW00/21REKUP:21T114_2.PNT\hist00,,,,,,,,0,400,,,,,,
21T114_3,52AW00/21REKUP:21T114_3.PNT\hist00,,,,,,,,0,400,,,,,,
21T114_4,52AW00/21REKUP:21T114_4.PNT\hist00,,,,,,,,0,400,,,,,,
21T114_5,52AW00/21REKUP:21T114_5.PNT\hist00,,,,,,,,0,400,,,,,,
21T114_6,52AW00/21REKUP:21T114_6.PNT\hist00,,,,,,,,0,400,,,,,,
21T173_4,52AW00/21REKUP:21T173_4.PNT\hist00,,,,,,,,0,600,,,,,,
21T174,52AW00/21REKUP:21T174.PNT\hist00,,,,,,,,0,1100,,,,,,
21T183,52AW00/21REKUP:21T183.PNT\hist00,,,,,,,,0,1100,,,,,,
21NH3TH_F,52AW00/21SBS_AO:21NH3TH_F.PNT\hist00,,,,,,,,0,8000,,,,,,
21NH3TH_FM,52AW00/21SBS_AO:21NH3TH_FM.PNT\hist00,,,,,,,,0,6300,,,,,,
21NH3TH_FQD,52AW00/21SBS_AO:21NH3TH_FQD.PNT\hist00,,,,,,,,0,180,,,,,,
21NH3TH_FQDM,52AW00/21SBS_AO:21NH3TH_FQDM.PNT\hist00,,,,,,,,0,125,,,,,,
21NH3TH_FQM,52AW00/21SBS_AO:21NH3TH_FQM.PNT\hist00,,,,,,,,0,5500,,,,,,
21NH3TH_FQMM,52AW00/21SBS_AO:21NH3TH_FQMM.PNT\hist00,,,,,,,,0,4000,,,,,,
21NH3TH_KF,52AW00/21SBS_AO:21NH3TH_KF.PNT\hist00,,,,,,,,0,1000,,,,,,
21NH3TH_KFD,52AW00/21SBS_AO:21NH3TH_KFD.PNT\hist00,,,,,,,,0,1000,,,,,,
21NH3TH_KFM,52AW00/21SBS_AO:21NH3TH_KFM.PNT\hist00,,,,,,,,0,1000,,,,,,
21OV123_F,52AW00/21SBS_AO:21OV123_F.PNT\hist00,,,,,,,,0,2000,,,,,,
21OV123_FQD,52AW00/21SBS_AO:21OV123_FQD.PNT\hist00,,,,,,,,0,50,,,,,,
21OV123_FQM,52AW00/21SBS_AO:21OV123_FQM.PNT\hist00,,,,,,,,0,1250,,,,,,
21OV123_KF,52AW00/21SBS_AO:21OV123_KF.PNT\hist00,,,,,,,,0,500,,,,,,
21OV123_KFD,52AW00/21SBS_AO:21OV123_KFD.PNT\hist00,,,,,,,,0,500,,,,,,
21OV123_KFM,52AW00/21SBS_AO:21OV123_KFM.PNT\hist00,,,,,,,,0,500,,,,,,
21OV12_F,52AW00/21SBS_AO:21OV12_F.PNT\hist00,,,,,,,,0,1600,,,,,,
21OV12_FQD,52AW00/21SBS_AO:21OV12_FQD.PNT\hist00,,,,,,,,0,32,,,,,,
21OV12_FQM,52AW00/21SBS_AO:21OV12_FQM.PNT\hist00,,,,,,,,0,1000,,,,,,
21OV12_KF,52AW00/21SBS_AO:21OV12_KF.PNT\hist00,,,,,,,,0,500,,,,,,
21OV12_KFD,52AW00/21SBS_AO:21OV12_KFD.PNT\hist00,,,,,,,,0,500,,,,,,
21OV12_KFM,52AW00/21SBS_AO:21OV12_KFM.PNT\hist00,,,,,,,,0,500,,,,,,
21PS178,52AW00/21SBS_AO:21PS178.PNT\hist00,,,,,,,,0,16,,,,,,
21PS179,52AW00/21SBS_AO:21PS179.PNT\hist00,,,,,,,,0,1.60000002,,,,,,
21PS180,52AW00/21SBS_AO:21PS180.PNT\hist00,,,,,,,,0,3,,,,,,
21PV_F,52AW00/21SBS_AO:21PV_F.PNT\hist00,,,,,,,,0,50,,,,,,
21PV_FQD,52AW00/21SBS_AO:21PV_FQD.PNT\hist00,,,,,,,,0,1250,,,,,,
21PV_FQM,52AW00/21SBS_AO:21PV_FQM.PNT\hist00,,,,,,,,0,40000,,,,,,
21PV_KF,52AW00/21SBS_AO:21PV_KF.PNT\hist00,,,,,,,,0,8,,,,,,
21PV_KFD,52AW00/21SBS_AO:21PV_KFD.PNT\hist00,,,,,,,,0,8,,,,,,
21PV_KFM,52AW00/21SBS_AO:21PV_KFM.PNT\hist00,,,,,,,,0,8,,,,,,
21LS131,52AW00/21SBS_AOK:21LS131.PNT\hist00,,,,,,,,-315,315,,,,,,
21TS101,52AW00/21SBS_AOK:21TS101.PNT\hist00,,,,,,,,0,400,,,,,,
21TS174,52AW00/21SBS_AOK:21TS174.PNT\hist00,,,,,,,,0,1100,,,,,,
21FC107,52AW00/21UKST:21FC107.PNT\hist00,,,,,,,,0,15679.609375,,,,,,
21FCC_F171,52AW00/21UKST:21FCC_F171.PNT\hist00,,,,,,,,0,2012.78491211,,,,,,
21FCC_T174,52AW00/21UKST:21FCC_T174.PNT\hist00,,,,,,,,0,1100,,,,,,
21FCC_TS174,52AW00/21UKST:21FCC_TS174.PNT\hist00,,,,,,,,0,1100,,,,,,
21G171,52AW00/21UKST:21G171.PNT\hist00,,,,,,,,0,100,,,,,,
21NG_KF,52AW00/21UKST:21NG_KF.PNT\hist00,,,,,,,,0,1000,,,,,,
21NG_KFD,52AW00/21UKST:21NG_KFD.PNT\hist00,,,,,,,,0,1000,,,,,,
21NG_KFM,52AW00/21UKST:21NG_KFM.PNT\hist00,,,,,,,,0,1000,,,,,,
21P187,52AW00/21UKST:21P187.PNT\hist00,,,,,,,,0,10,,,,,,
21PD171,52AW00/21UKST:21PD171.PNT\hist00,,,,,,,,0,2500,,,,,,
21T116,52AW00/21UKST:21T116.PNT\hist00,,,,,,,,-50,50,,,,,,
01L26_1V,52AW00/01SKLAD:01L26_1V.PNT\hist00,,,,,,,,0,546,,,,,,
01L26_2V,52AW00/01SKLAD:01L26_2V.PNT\hist00,,,,,,,,0,546,,,,,,
01L26_3V,52AW00/01SKLAD:01L26_3V.PNT\hist00,,,,,,,,0,546,,,,,,
01L26_4V,52AW00/01SKLAD:01L26_4V.PNT\hist00,,,,,,,,0,303.37097168,,,,,,
01L26_SUM,52AW00/01SKLAD:01L26_SUM.PNT\hist00,,,,,,,,0,1757,,,,,,
31F103,52AW00/31ABSOR:31F103.PNT\hist00,,,,,,,,0,14909.4296875,,,,,,
31F105,52AW00/31ABSOR:31F105.PNT\hist00,,,,,,,,0,25,,,,,,
31F111_1,52AW00/31ABSOR:31F111_1.PNT\hist00,,,,,,,,0,1072.34289551,,,,,,
31F111_2,52AW00/31ABSOR:31F111_2.PNT\hist00,,,,,,,,0,820.00097656,,,,,,
31FC104,52AW00/31ABSOR:31FC104.PNT\hist00,,,,,,,,0,6175.02587891,,,,,,
31FC110,52AW00/31ABSOR:31FC110.PNT\hist00,,,,,,,,0,9.97723675,,,,,,
31HNO3_FM,52AW00/31ABSOR:31HNO3_FM.PNT\hist00,,,,,,,,0,30,,,,,,
31HNO3_MNG,52AW00/31ABSOR:31HNO3_MNG.PNT\hist00,,,,,,,,0,16,,,,,,
31HNO3_R,52AW00/31ABSOR:31HNO3_R.PNT\hist00,,,,,,,,1.20000005,1.39999998,,,,,,
31KCP_KF,52AW00/31ABSOR:31KCP_KF.PNT\hist00,,,,,,,,0,4,,,,,,
31KCP_KFD,52AW00/31ABSOR:31KCP_KFD.PNT\hist00,,,,,,,,0,4,,,,,,
31KCP_KFM,52AW00/31ABSOR:31KCP_KFM.PNT\hist00,,,,,,,,0,4,,,,,,
31LC105,52AW00/31ABSOR:31LC105.PNT\hist00,,,,,,,,430,830,,,,,,
31OV1_KF,52AW00/31ABSOR:31OV1_KF.PNT\hist00,,,,,,,,0,500,,,,,,
31OV1_KFD,52AW00/31ABSOR:31OV1_KFD.PNT\hist00,,,,,,,,0,500,,,,,,
31OV1_KFM,52AW00/31ABSOR:31OV1_KFM.PNT\hist00,,,,,,,,0,500,,,,,,
31OV2_KF,52AW00/31ABSOR:31OV2_KF.PNT\hist00,,,,,,,,0,500,,,,,,
31OV2_KFD,52AW00/31ABSOR:31OV2_KFD.PNT\hist00,,,,,,,,0,500,,,,,,
31OV2_KFM,52AW00/31ABSOR:31OV2_KFM.PNT\hist00,,,,,,,,0,500,,,,,,
31Q105,52AW00/31ABSOR:31Q105.PNT\hist00,,,,,,,,50,60,,,,,,
31T108_1,52AW00/31ABSOR:31T108_1.PNT\hist00,,,,,,,,0,150,,,,,,
31T108_2,52AW00/31ABSOR:31T108_2.PNT\hist00,,,,,,,,0,150,,,,,,
31T108_3,52AW00/31ABSOR:31T108_3.PNT\hist00,,,,,,,,0,150,,,,,,
31T108_4,52AW00/31ABSOR:31T108_4.PNT\hist00,,,,,,,,0,150,,,,,,
31T108_5,52AW00/31ABSOR:31T108_5.PNT\hist00,,,,,,,,0,400,,,,,,
31T108_6,52AW00/31ABSOR:31T108_6.PNT\hist00,,,,,,,,0,150,,,,,,
31F113,52AW00/31GTT:31F113.PNT\hist00,,,,,,,,0,1038.55493164,,,,,,
31OV3_KF,52AW00/31GTT:31OV3_KF.PNT\hist00,,,,,,,,0,500,,,,,,
31OV3_KFD,52AW00/31GTT:31OV3_KFD.PNT\hist00,,,,,,,,0,500,,,,,,
31OV3_KFM,52AW00/31GTT:31OV3_KFM.PNT\hist00,,,,,,,,0,500,,,,,,
31P181,52AW00/31GTT:31P181.PNT\hist00,,,,,,,,0,10,,,,,,
31SCS171_1,52AW00/31GTT:31SCS171_1.PNT\hist00,,,,,,,,0,6000,,,,,,
31SCS171_2,52AW00/31GTT:31SCS171_2.PNT\hist00,,,,,,,,0,6000,,,,,,
31SCS171_3,52AW00/31GTT:31SCS171_3.PNT\hist00,,,,,,,,0,6000,,,,,,
31T170_3,52AW00/31GTT:31T170_3.PNT\hist00,,,,,,,,0,100,,,,,,
31T170_4,52AW00/31GTT:31T170_4.PNT\hist00,,,,,,,,0,100,,,,,,
31T170_5,52AW00/31GTT:31T170_5.PNT\hist00,,,,,,,,0,100,,,,,,
31T170_6,52AW00/31GTT:31T170_6.PNT\hist00,,,,,,,,0,100,,,,,,
31T173_1,52AW00/31GTT:31T173_1.PNT\hist00,,,,,,,,0,200,,,,,,
31T173_2,52AW00/31GTT:31T173_2.PNT\hist00,,,,,,,,0,200,,,,,,
31F102,52AW00/31KONV:31F102.PNT\hist00,,,,,,,,0,62466.88671875,,,,,,
31FC101,52AW00/31KONV:31FC101.PNT\hist00,,,,,,,,0,7805.84472656,,,,,,
31FS101,52AW00/31KONV:31FS101.PNT\hist00,,,,,,,,0,7805.84472656,,,,,,
31FS102,52AW00/31KONV:31FS102.PNT\hist00,,,,,,,,0,62466.88671875,,,,,,
31G101,52AW00/31KONV:31G101.PNT\hist00,,,,,,,,0,100,,,,,,
31NH3N_F,52AW00/31KONV:31NH3N_F.PNT\hist00,,,,,,,,0,8000,,,,,,
31NH3N_FM,52AW00/31KONV:31NH3N_FM.PNT\hist00,,,,,,,,0,6300,,,,,,
31NH3N_FQDM,52AW00/31KONV:31NH3N_FQDM.PNT\hist00,,,,,,,,0,180,,,,,,
31NH3N_FQMM,52AW00/31KONV:31NH3N_FQMM.PNT\hist00,,,,,,,,0,5000,,,,,,
31NH3N_KFD,52AW00/31KONV:31NH3N_KFD.PNT\hist00,,,,,,,,0,1000,,,,,,
31NH3N_KFM,52AW00/31KONV:31NH3N_KFM.PNT\hist00,,,,,,,,0,1000,,,,,,
31NH3_FM,52AW00/31KONV:31NH3_FM.PNT\hist00,,,,,,,,0,6300,,,,,,
31NH3_FQDM,52AW00/31KONV:31NH3_FQDM.PNT\hist00,,,,,,,,0,125,,,,,,
31NH3_FQMM,52AW00/31KONV:31NH3_FQMM.PNT\hist00,,,,,,,,0,4000,,,,,,
31NH3_KF,52AW00/31KONV:31NH3_KF.PNT\hist00,,,,,,,,0,1000,,,,,,
31NH3_KFD,52AW00/31KONV:31NH3_KFD.PNT\hist00,,,,,,,,0,1000,,,,,,
31NH3_KFM,52AW00/31KONV:31NH3_KFM.PNT\hist00,,,,,,,,0,1000,,,,,,
31P101A,52AW00/31KONV:31P101A.PNT\hist00,,,,,,,,0,10,,,,,,
31P101B,52AW00/31KONV:31P101B.PNT\hist00,,,,,,,,0,10,,,,,,
31P127A,52AW00/31KONV:31P127A.PNT\hist00,,,,,,,,0,10,,,,,,
31P127B,52AW00/31KONV:31P127B.PNT\hist00,,,,,,,,0,10,,,,,,
31P128,52AW00/31KONV:31P128.PNT\hist00,,,,,,,,0,10,,,,,,
31QC101AIN1,52AW00/31KONV:31QC101AIN1.PNT\hist00,,,,,,,,0,12,,,,,,
31QC101AIN2,52AW00/31KONV:31QC101AIN2.PNT\hist00,,,,,,,,0,12,,,,,,
31T101A,52AW00/31KONV:31T101A.PNT\hist00,,,,,,,,0,200,,,,,,
31T101B,52AW00/31KONV:31T101B.PNT\hist00,,,,,,,,0,200,,,,,,
31T103,52AW00/31KONV:31T103.PNT\hist00,,,,,,,,0,400,,,,,,
31T127A,52AW00/31KONV:31T127A.PNT\hist00,,,,,,,,0,200,,,,,,
31T127B,52AW00/31KONV:31T127B.PNT\hist00,,,,,,,,0,200,,,,,,
31TS102_1,52AW00/31KONV:31TS102_1.PNT\hist00,,,,,,,,0,1100,,,,,,
31TS102_2,52AW00/31KONV:31TS102_2.PNT\hist00,,,,,,,,0,1100,,,,,,
31TS102_3,52AW00/31KONV:31TS102_3.PNT\hist00,,,,,,,,0,1100,,,,,,
31PS176,52AW00/31MASLO:31PS176.PNT\hist00,,,,,,,,0,10,,,,,,
31T170_1,52AW00/31MASLO:31T170_1.PNT\hist00,,,,,,,,0,100,,,,,,
31T170_2,52AW00/31MASLO:31T170_2.PNT\hist00,,,,,,,,0,100,,,,,,
31LC108,52AW00/31NH3:31LC108.PNT\hist00,,,,,,,,700,1100,,,,,,
31PC110,52AW00/31NH3:31PC110.PNT\hist00,,,,,,,,0,20,,,,,,
31TC112,52AW00/31NH3:31TC112.PNT\hist00,,,,,,,,0,200,,,,,,
31TS112,52AW00/31NH3:31TS112.PNT\hist00,,,,,,,,0,200,,,,,,
31FC106,52AW00/31OXG:31FC106.PNT\hist00,,,,,,,,0,84.05595398,,,,,,
31NH3SC_FM,52AW00/31OXG:31NH3SC_FM.PNT\hist00,,,,,,,,0,63,,,,,,
31NH3SC_FQDM,52AW00/31OXG:31NH3SC_FQDM.PNT\hist00,,,,,,,,0,1.79999995,,,,,,
31NH3SC_FQMM,52AW00/31OXG:31NH3SC_FQMM.PNT\hist00,,,,,,,,0,50,,,,,,
31NH3SC_KF,52AW00/31OXG:31NH3SC_KF.PNT\hist00,,,,,,,,0,10,,,,,,
31NH3SC_KFD,52AW00/31OXG:31NH3SC_KFD.PNT\hist00,,,,,,,,0,10,,,,,,
31NH3SC_KFM,52AW00/31OXG:31NH3SC_KFM.PNT\hist00,,,,,,,,0,10,,,,,,
31T109_2,52AW00/31OXG:31T109_2.PNT\hist00,,,,,,,,0,400,,,,,,
31T109_4,52AW00/31OXG:31T109_4.PNT\hist00,,,,,,,,0,400,,,,,,
31T109_5,52AW00/31OXG:31T109_5.PNT\hist00,,,,,,,,0,400,,,,,,
31T109_7,52AW00/31OXG:31T109_7.PNT\hist00,,,,,,,,0,400,,,,,,
31T109_8,52AW00/31OXG:31T109_8.PNT\hist00,,,,,,,,0,400,,,,,,
31T109_9,52AW00/31OXG:31T109_9.PNT\hist00,,,,,,,,0,400,,,,,,
31PS182_1,52AW00/31PODSH_AO:31PS182_1.PNT\hist00,,,,,,,,0,6,,,,,,
31PS182_2,52AW00/31PODSH_AO:31PS182_2.PNT\hist00,,,,,,,,0,6,,,,,,
31PS183_1,52AW00/31PODSH_AO:31PS183_1.PNT\hist00,,,,,,,,0,6,,,,,,
31PS183_2,52AW00/31PODSH_AO:31PS183_2.PNT\hist00,,,,,,,,0,6,,,,,,
31TS177_1,52AW00/31PODSH_AO:31TS177_1.PNT\hist00,,,,,,,,0,100,,,,,,
31TS177_2,52AW00/31PODSH_AO:31TS177_2.PNT\hist00,,,,,,,,0,100,,,,,,
31TS177_3,52AW00/31PODSH_AO:31TS177_3.PNT\hist00,,,,,,,,0,100,,,,,,
31TS177_4,52AW00/31PODSH_AO:31TS177_4.PNT\hist00,,,,,,,,0,100,,,,,,
31TS177_5,52AW00/31PODSH_AO:31TS177_5.PNT\hist00,,,,,,,,0,100,,,,,,
31TS177_6,52AW00/31PODSH_AO:31TS177_6.PNT\hist00,,,,,,,,0,100,,,,,,
31TS177_7,52AW00/31PODSH_AO:31TS177_7.PNT\hist00,,,,,,,,0,100,,,,,,
31TS177_8,52AW00/31PODSH_AO:31TS177_8.PNT\hist00,,,,,,,,0,100,,,,,,
31TS178_1,52AW00/31PODSH_AO:31TS178_1.PNT\hist00,,,,,,,,0,100,,,,,,
31TS178_2,52AW00/31PODSH_AO:31TS178_2.PNT\hist00,,,,,,,,0,100,,,,,,
31TS178_3,52AW00/31PODSH_AO:31TS178_3.PNT\hist00,,,,,,,,0,100,,,,,,
31TS178_4,52AW00/31PODSH_AO:31TS178_4.PNT\hist00,,,,,,,,0,100,,,,,,
31TS178_5,52AW00/31PODSH_AO:31TS178_5.PNT\hist00,,,,,,,,0,100,,,,,,
31TS178_6,52AW00/31PODSH_AO:31TS178_6.PNT\hist00,,,,,,,,0,100,,,,,,
31TS178_7,52AW00/31PODSH_AO:31TS178_7.PNT\hist00,,,,,,,,0,100,,,,,,
31TS179_1,52AW00/31PODSH_AO:31TS179_1.PNT\hist00,,,,,,,,0,100,,,,,,
31TS179_2,52AW00/31PODSH_AO:31TS179_2.PNT\hist00,,,,,,,,0,100,,,,,,
31TS179_3,52AW00/31PODSH_AO:31TS179_3.PNT\hist00,,,,,,,,0,100,,,,,,
31EARD_KF,52AW00/31RD:31EARD_KF.PNT\hist00,,,,,,,,0,500,,,,,,
31EARD_KFD,52AW00/31RD:31EARD_KFD.PNT\hist00,,,,,,,,0,500,,,,,,
31EARD_KFM,52AW00/31RD:31EARD_KFM.PNT\hist00,,,,,,,,0,500,,,,,,
31EA_RD,52AW00/31RD:31EA_RD.PNT\hist00,,,,,,,,-1500,1500,,,,,,
31IA_RD,52AW00/31RD:31IA_RD.PNT\hist00,,,,,,,,0,150,,,,,,
31P193,52AW00/31RD:31P193.PNT\hist00,,,,,,,,0,1000,,,,,,
31T192,52AW00/31RD:31T192.PNT\hist00,,,,,,,,0,100,,,,,,
31F132,52AW00/31REKUP:31F132.PNT\hist00,,,,,,,,0,12.49203968,,,,,,
31F133,52AW00/31REKUP:31F133.PNT\hist00,,,,,,,,0,39.56159973,,,,,,
31LC130,52AW00/31REKUP:31LC130.PNT\hist00,,,,,,,,-315,315,,,,,,
31LC131,52AW00/31REKUP:31LC131.PNT\hist00,,,,,,,,-315,315,,,,,,
31P135,52AW00/31REKUP:31P135.PNT\hist00,,,,,,,,0,20,,,,,,
31P136,52AW00/31REKUP:31P136.PNT\hist00,,,,,,,,0,20,,,,,,
31PD170,52AW00/31REKUP:31PD170.PNT\hist00,,,,,,,,0,2.5,,,,,,
31PVKUG_KF,52AW00/31REKUP:31PVKUG_KF.PNT\hist00,,,,,,,,0,4,,,,,,
31PVKUG_KFD,52AW00/31REKUP:31PVKUG_KFD.PNT\hist00,,,,,,,,0,4,,,,,,
31PVKUG_KFM,52AW00/31REKUP:31PVKUG_KFM.PNT\hist00,,,,,,,,0,4,,,,,,
31PVKUN_KF,52AW00/31REKUP:31PVKUN_KF.PNT\hist00,,,,,,,,0,8,,,,,,
31PVKUN_KFD,52AW00/31REKUP:31PVKUN_KFD.PNT\hist00,,,,,,,,0,8,,,,,,
31PVKUN_KFM,52AW00/31REKUP:31PVKUN_KFM.PNT\hist00,,,,,,,,0,8,,,,,,
31T101_4,52AW00/31REKUP:31T101_4.PNT\hist00,,,,,,,,0,400,,,,,,
31T101_5,52AW00/31REKUP:31T101_5.PNT\hist00,,,,,,,,0,400,,,,,,
31T101_6,52AW00/31REKUP:31T101_6.PNT\hist00,,,,,,,,0,400,,,,,,
31T114_1,52AW00/31REKUP:31T114_1.PNT\hist00,,,,,,,,0,400,,,,,,
31T114_2,52AW00/31REKUP:31T114_2.PNT\hist00,,,,,,,,0,400,,,,,,
31T114_3,52AW00/31REKUP:31T114_3.PNT\hist00,,,,,,,,0,400,,,,,,
31T114_4,52AW00/31REKUP:31T114_4.PNT\hist00,,,,,,,,0,400,,,,,,
31T114_5,52AW00/31REKUP:31T114_5.PNT\hist00,,,,,,,,0,400,,,,,,
31T114_6,52AW00/31REKUP:31T114_6.PNT\hist00,,,,,,,,0,400,,,,,,
31T173_4,52AW00/31REKUP:31T173_4.PNT\hist00,,,,,,,,0,600,,,,,,
31T174,52AW00/31REKUP:31T174.PNT\hist00,,,,,,,,0,1100,,,,,,
31T183,52AW00/31REKUP:31T183.PNT\hist00,,,,,,,,0,1100,,,,,,
31NH3TH_F,52AW00/31SBS_AO:31NH3TH_F.PNT\hist00,,,,,,,,0,8000,,,,,,
31NH3TH_FM,52AW00/31SBS_AO:31NH3TH_FM.PNT\hist00,,,,,,,,0,6300,,,,,,
31NH3TH_FQD,52AW00/31SBS_AO:31NH3TH_FQD.PNT\hist00,,,,,,,,0,180,,,,,,
31NH3TH_FQDM,52AW00/31SBS_AO:31NH3TH_FQDM.PNT\hist00,,,,,,,,0,125,,,,,,
31NH3TH_FQM,52AW00/31SBS_AO:31NH3TH_FQM.PNT\hist00,,,,,,,,0,5500,,,,,,
31NH3TH_FQMM,52AW00/31SBS_AO:31NH3TH_FQMM.PNT\hist00,,,,,,,,0,4000,,,,,,
31NH3TH_KF,52AW00/31SBS_AO:31NH3TH_KF.PNT\hist00,,,,,,,,0,1000,,,,,,
31NH3TH_KFD,52AW00/31SBS_AO:31NH3TH_KFD.PNT\hist00,,,,,,,,0,1000,,,,,,
31NH3TH_KFM,52AW00/31SBS_AO:31NH3TH_KFM.PNT\hist00,,,,,,,,0,1000,,,,,,
31OV123_F,52AW00/31SBS_AO:31OV123_F.PNT\hist00,,,,,,,,0,2000,,,,,,
31OV123_FQD,52AW00/31SBS_AO:31OV123_FQD.PNT\hist00,,,,,,,,0,50,,,,,,
31OV123_FQM,52AW00/31SBS_AO:31OV123_FQM.PNT\hist00,,,,,,,,0,1250,,,,,,
31OV123_KF,52AW00/31SBS_AO:31OV123_KF.PNT\hist00,,,,,,,,0,500,,,,,,
31OV123_KFD,52AW00/31SBS_AO:31OV123_KFD.PNT\hist00,,,,,,,,0,500,,,,,,
31OV123_KFM,52AW00/31SBS_AO:31OV123_KFM.PNT\hist00,,,,,,,,0,500,,,,,,
31OV12_F,52AW00/31SBS_AO:31OV12_F.PNT\hist00,,,,,,,,0,1600,,,,,,
31OV12_FQD,52AW00/31SBS_AO:31OV12_FQD.PNT\hist00,,,,,,,,0,32,,,,,,
31OV12_FQM,52AW00/31SBS_AO:31OV12_FQM.PNT\hist00,,,,,,,,0,1000,,,,,,
31OV12_KF,52AW00/31SBS_AO:31OV12_KF.PNT\hist00,,,,,,,,0,500,,,,,,
31OV12_KFD,52AW00/31SBS_AO:31OV12_KFD.PNT\hist00,,,,,,,,0,500,,,,,,
31OV12_KFM,52AW00/31SBS_AO:31OV12_KFM.PNT\hist00,,,,,,,,0,500,,,,,,
31PS178,52AW00/31SBS_AO:31PS178.PNT\hist00,,,,,,,,0,16,,,,,,
31PS179,52AW00/31SBS_AO:31PS179.PNT\hist00,,,,,,,,0,1.60000002,,,,,,
31PS180,52AW00/31SBS_AO:31PS180.PNT\hist00,,,,,,,,0,3,,,,,,
31PV_F,52AW00/31SBS_AO:31PV_F.PNT\hist00,,,,,,,,0,50,,,,,,
31PV_FQD,52AW00/31SBS_AO:31PV_FQD.PNT\hist00,,,,,,,,0,1250,,,,,,
31PV_FQM,52AW00/31SBS_AO:31PV_FQM.PNT\hist00,,,,,,,,0,40000,,,,,,
31PV_KF,52AW00/31SBS_AO:31PV_KF.PNT\hist00,,,,,,,,0,8,,,,,,
31PV_KFD,52AW00/31SBS_AO:31PV_KFD.PNT\hist00,,,,,,,,0,8,,,,,,
31PV_KFM,52AW00/31SBS_AO:31PV_KFM.PNT\hist00,,,,,,,,0,8,,,,,,
31LS131,52AW00/31SBS_AOK:31LS131.PNT\hist00,,,,,,,,-315,315,,,,,,
31TS101,52AW00/31SBS_AOK:31TS101.PNT\hist00,,,,,,,,0,400,,,,,,
31TS174,52AW00/31SBS_AOK:31TS174.PNT\hist00,,,,,,,,0,1100,,,,,,
31FC107,52AW00/31UKST:31FC107.PNT\hist00,,,,,,,,0,19649.46875,,,,,,
31FCC_F171,52AW00/31UKST:31FCC_F171.PNT\hist00,,,,,,,,0,2012.8848877,,,,,,
31FCC_T174,52AW00/31UKST:31FCC_T174.PNT\hist00,,,,,,,,0,1100,,,,,,
31FCC_TS174,52AW00/31UKST:31FCC_TS174.PNT\hist00,,,,,,,,0,1100,,,,,,
31G171,52AW00/31UKST:31G171.PNT\hist00,,,,,,,,0,100,,,,,,
31NG_KF,52AW00/31UKST:31NG_KF.PNT\hist00,,,,,,,,0,1000,,,,,,
31NG_KFD,52AW00/31UKST:31NG_KFD.PNT\hist00,,,,,,,,0,1000,,,,,,
31NG_KFM,52AW00/31UKST:31NG_KFM.PNT\hist00,,,,,,,,0,1000,,,,,,
31P187,52AW00/31UKST:31P187.PNT\hist00,,,,,,,,0,10,,,,,,
31PD171,52AW00/31UKST:31PD171.PNT\hist00,,,,,,,,0,2500,,,,,,
31T116,52AW00/31UKST:31T116.PNT\hist00,,,,,,,,-50,50,,,,,,
31PD_NG_VZ,52AW00/31UKST:31PD_NG_VZ.PNT\hist00,,,,,,,,-2.5,2.5,,,,,,
21PD_NG_VZ,52AW00/21UKST:21PD_NG_VZ.PNT\hist00,,,,,,,,-2.5,2.5,,,,,,
01L26_SUM,52AW00/01SKLAD:01L26_SUM.PNT\hist00,,,,,,,,0,954.55999756,,,,,,
01L26_4V,52AW00/01SKLAD:01L26_4V.PNT\hist00,,,,,,,,0,238.63999939,,,,,,
01L26_4,52AW00/01SKLAD:01L26_4.PNT\hist00,,,,,,,,0,6200,,,,,,
01L26_3V,52AW00/01SKLAD:01L26_3V.PNT\hist00,,,,,,,,0,238.63999939,,,,,,
01L26_3,52AW00/01SKLAD:01L26_3.PNT\hist00,,,,,,,,0,6200,,,,,,
01L26_2V,52AW00/01SKLAD:01L26_2V.PNT\hist00,,,,,,,,0,238.63999939,,,,,,
01L26_2,52AW00/01SKLAD:01L26_2.PNT\hist00,,,,,,,,0,6200,,,,,,
01L26_1V,52AW00/01SKLAD:01L26_1V.PNT\hist00,,,,,,,,0,238.63999939,,,,,,
01L26_1,52AW00/01SKLAD:01L26_1.PNT\hist00,,,,,,,,0,6200,,,,,,
O2L26_2SUM,52AW00/01SKLAD:O2L26_2SUM.PNT\hist00,,,,,,,,0,2686.51000977,,,,,,
01P22_2,52AW00/01SKLAD:01P22_2.PNT\hist00,,,,,,,,0,16,,,,,,
01P22_1,52AW00/01SKLAD:01P22_1.PNT\hist00,,,,,,,,0,16,,,,,,
01AK_DELTA_D,52AW00/01BALANCE:01AK_DELTA_D.PNT\hist00,,,,,,,,-3000,3000,,,,,,
01AK_DELTA_M,52AW00/01BALANCE:01AK_DELTA_M.PNT\hist00,,,,,,,,-93000,93000,,,,,,
01AK_REAL_D,52AW00/01BALANCE:01AK_REAL_D.PNT\hist00,,,,,,,,0,3000,,,,,,
01AK_REAL_M,52AW00/01BALANCE:01AK_REAL_M.PNT\hist00,,,,,,,,0,93000,,,,,,
01PLAN_D1,52AW00/01BALANCE:01PLAN_D1.PNT\hist00,,,,,,,,0,3000,,,,,,
01PLAN_M1,52AW00/01BALANCE:01PLAN_M1.PNT\hist00,,,,,,,,0,93000,,,,,,
01AK_ASM_D,52AW00/01BALANCE:01AK_ASM_D.PNT\hist00,,,,,,,,0,3000,,,,,,
01AK_XR_L26,52AW00/01BALANCE:01AK_XR_L26.PNT\hist00,,,,,,,,0,2090,,,,,,
01AM11_D,52AW00/01BALANCE:01AM11_D.PNT\hist00,,,,,,,,0,125,,,,,,
01AM21_D,52AW00/01BALANCE:01AM21_D.PNT\hist00,,,,,,,,0,125,,,,,,
01AM31_D,52AW00/01BALANCE:01AM31_D.PNT\hist00,,,,,,,,0,125,,,,,,
01NG_FQD,52AW00/01BALANCE:01NG_FQD.PNT\hist00,,,,,,,,0,107,,,,,,
01PAR_FQD,52AW00/01BALANCE:01PAR_FQD.PNT\hist00,,,,,,,,0,1070,,,,,,
01UMV_FQD,52AW00/01BALANCE:01UMV_FQD.PNT\hist00,,,,,,,,0,2.5999999,,,,,,
12OV_FQD,52AW00/01BALANCE:12OV_FQD.PNT\hist00,,,,,,,,0,500,,,,,,
01AK_OTG_DAY,52AW00/01BALANCE:01AK_OTG_DAY.PNT\hist00,,,,,,,,-147,147,,,,,,
01GAM_FQD,52AW00/01BALANCE:01GAM_FQD.PNT\hist00,,,,,,,,0,125,,,,,,
01JAM_FQD,52AW00/01BALANCE:01JAM_FQD.PNT\hist00,,,,,,,,0,500,,,,,,
01EA_FQD,52AW00/01BALANCE:01EA_FQD.PNT\hist00,,,,,,,,0,150000,,,,,,
01EA_NN_FQD,52AW00/01BALANCE:01EA_NN_FQD.PNT\hist00,,,,,,,,0,10000,,,,,,
01AK11_D,52AW00/01BALANCE:01AK11_D.PNT\hist00,,,,,,,,0,450,,,,,,
01AK21_D,52AW00/01BALANCE:01AK21_D.PNT\hist00,,,,,,,,0,450,,,,,,
01AK31_D,52AW00/01BALANCE:01AK31_D.PNT\hist00,,,,,,,,0,450,,,,,,
01OV_FQD,52AW00/01BALANCE:01OV_FQD.PNT\hist00,,,,,,,,0,156000,,,,,,
01LC9,52AW00/01AMIAK:01LC9.PNT\hist00,,,,,,,,450,2800,,,,,,
01P9,52AW00/01AMIAK:01P9.PNT\hist00,,,,,,,,0,10,,,,,,
01TC9,52AW00/01AMIAK:01TC9.PNT\hist00,,,,,,,,-50,150,,,,,,
01JAM_FQD,52AW00/01BALANCE:01JAM_FQD.PNT\hist00,,,,,,,,0,1000,,,,,,
01AM11_RSO,52AW00/01BALANCE:01AM11_RSO.PNT\hist00,,,,,,,,0,3.5999999,,,,,,
01AM21_RSO,52AW00/01BALANCE:01AM21_RSO.PNT\hist00,,,,,,,,0,3.5999999,,,,,,
01AM31_RSO,52AW00/01BALANCE:01AM31_RSO.PNT\hist00,,,,,,,,0,3.5999999,,,,,,
01L26_1A,52AW00/01SKLAD:01L26_1A.PNT\hist00,,,,,,,,0,6200,,,,,,
01KND_FQD,52AW00/01BALANCE:01KND_FQD.PNT\hist00,,,,,,,,0,2000,,,,,,
01OTG_Q_CAR,52AW00/01BALANCE:01OTG_Q_CAR.PNT\hist00,,,,,,,,0.44999999,0.60000002,,,,,,
01OTG_CAR_D,52AW00/01BALANCE:01OTG_CAR_D.PNT\hist00,,,,,,,,0,100,,,,,,
01OTG_MAGN_D,52AW00/01BALANCE:01OTG_MAGN_D.PNT\hist00,,,,,,,,0,100,,,,,,